VBCSCompilerPreWarmer: pre-warm launched (dotnet PID 24396)
VBCSCompiler prewarm took 4.26 ms
[Licensing::Module] Trying to connect to existing licensing client channel...
Built from '6000.6/respin/6000.6.0f1-fa21a270ab12' branch; Version is '6000.6.0f1 (f7f8ed4d1e24) revision 16251117'; Using compiler version '194234433'; Build Type 'Release'
[Licensing::IpcConnector] Successfully connected to: "LicenseClient-CS2025" at "2026-09-21T02:40:57.5327657Z"
OS: 'Windows 11  (10.0.22631) Enterprise' Language: 'zh' Physical Memory: 16053 MB
BatchMode: 0, IsHumanControllingUs: 1, StartBugReporterOnCrash: 1, Is64bit: 1
System  architecture: x64
Process architecture: x64
Date: 2026-09-21T02:40:57Z
[Licensing::Client] Code 10 while verifying Licensing Client signature (process Id: 7004, path: "C:/Program Files/Unity Hub/UnityLicensingClient_V1/Unity.Licensing.Client.exe")
[Licensing::Module] LicensingClient has failed validation; ignoring
[Licensing::Client] Handshaking with LicensingClient:
  Version:                 1.18.3+d7ffd15
  Session Id:              6d9a168d1d034e0eb0a7c933691ed511
  Correlation Id:          2fda475f26dd7829e6f2fb15020aba27
  External correlation Id: 8532399881464286739
  Machine Id:              oyhdFeAdCaeIokcTrryjiu2Q/Ro=
[Licensing::Module] Successfully connected to LicensingClient on channel: "LicenseClient-CS2025" (connect: 0.00s, validation: 0.00s, handshake: 0.03s)
[Licensing::IpcConnector] Successfully connected to: "LicenseClient-CS2025-notifications" at "2026-09-21T02:40:57.561904Z"
[Licensing::Client] Successfully updated the access token
[Licensing::Module] Successfully updated the access token s5KDssUKpP...
[Licensing::Client] Successfully resolved entitlement details
[Licensing::Module] License group:
  Id: ewogICJzdWJzR3JvdXAiIDogInVuaXR5IGVkaXRvciIsCiAgIm5hbWVzcGFjZSIgOiAidW5pdHlfZWRpdG9yIiwKICAidHlwZSIgOiAiRURJVE9SIiwKICAidGFnIiA6ICJVbml0eVBlcnNvbmFsXXXX
  Product: Unity Personal Version
  Type: Assigned
  Expiration: Unlimited
[Licensing::Client] Successfully updated license, isAsync: True, time: 0.00
[Licensing::Client] Successfully resolved entitlement details
[Licensing::Module] Licensing Background thread has ended after 0.03s

COMMAND LINE ARGUMENTS:
C:\Program Files\Unity\Hub\Editor\6000.6.0f1\Editor\Unity.exe
-projectpath
C:\Users\CS2024\1151VR-HW1-414261498-陳宥元
-acceptSoftwareTermsForThisRunOnly
-useHub
-hubIPC
-cloudEnvironment
production
-licensingIpc
LicenseClient-CS2025
-hubSessionId
1f08191c-bd18-414c-a25e-d16d0d876a26
-accessToken
s5KDssUKpPFFx76pkRqdO6DN4yAbA5T97H1Jrcwz-4A01ef
Successfully changed project path to: C:\Users\CS2024\1151VR-HW1-414261498-陳宥元
C:/Users/CS2024/1151VR-HW1-414261498-陳宥元
[UnityMemory] Configuration Parameters - Can be set up in boot.config
    "memorysetup-temp-allocator-size-gi-baking-worker=262144"
    "memorysetup-temp-allocator-size-gi-baking-worker=262144"
    "memorysetup-temp-allocator-size-gi-baking-worker=262144"
    "memorysetup-temp-allocator-size-gi-baking-worker=262144"
    "memorysetup-temp-allocator-size-gi-baking-worker=262144"
    "memorysetup-temp-allocator-size-nav-mesh-worker=65536"
    "memorysetup-temp-allocator-size-audio-worker=65536"
    "memorysetup-temp-allocator-size-cloud-worker=32768"
    "memorysetup-temp-allocator-size-gfx=262144"
    "memorysetup-remapper-allocator-initial-capacity=32768"
    "memorysetup-temp-allocator-size-preload-manager=33554432"
    "memorysetup-allocator-temp-initial-block-size-main=262144"
    "memorysetup-allocator-temp-initial-block-size-worker=262144"
    "memorysetup-temp-allocator-size-job-worker=262144"
    "memorysetup-temp-allocator-size-background-worker=32768"
    "memorysetup-bucket-allocator-granularity=16"
    "memorysetup-bucket-allocator-bucket-count=8"
    "memorysetup-bucket-allocator-block-size=33554432"
    "memorysetup-bucket-allocator-block-count=8"
    "memorysetup-main-allocator-block-size=16777216"
    "memorysetup-thread-allocator-block-size=16777216"
    "memorysetup-main-allocator-mimalloc-enabled=1"
    "memorysetup-gfx-main-allocator-block-size=16777216"
    "memorysetup-gfx-thread-allocator-block-size=16777216"
    "memorysetup-cache-allocator-block-size=4194304"
    "memorysetup-typetree-allocator-block-size=2097152"
    "memorysetup-profiler-bucket-allocator-granularity=16"
    "memorysetup-profiler-bucket-allocator-bucket-count=8"
    "memorysetup-profiler-bucket-allocator-block-size=33554432"
    "memorysetup-profiler-bucket-allocator-block-count=8"
    "memorysetup-profiler-allocator-block-size=16777216"
    "memorysetup-profiler-editor-allocator-block-size=1048576"
    "memorysetup-temp-allocator-size-main=16777216"
    "memorysetup-job-temp-allocator-block-size=2097152"
    "memorysetup-job-temp-allocator-block-size-background=1048576"
    "memorysetup-job-temp-allocator-reduction-small-platforms=262144"
Player connection [17720]  Target information:

Player connection [17720]  * "[IP] 140.136.150.22 [Port] 55504 [Flags] 2 [Guid] 2890485122 [EditorId] 2890485122 [Version] 1048832 [Id] WindowsEditor(7,PC22) [Debug] 1 [PackageName] WindowsEditor [ProjectName] Editor" 

Player connection [17720]  * "[IP] 192.168.56.1 [Port] 55504 [Flags] 2 [Guid] 2890485122 [EditorId] 2890485122 [Version] 1048832 [Id] WindowsEditor(7,PC22) [Debug] 1 [PackageName] WindowsEditor [ProjectName] Editor" 

Player connection [17720]  * "[IP] 192.168.53.1 [Port] 55504 [Flags] 2 [Guid] 2890485122 [EditorId] 2890485122 [Version] 1048832 [Id] WindowsEditor(7,PC22) [Debug] 1 [PackageName] WindowsEditor [ProjectName] Editor" 

Player connection [17720]  * "[IP] 192.168.45.1 [Port] 55504 [Flags] 2 [Guid] 2890485122 [EditorId] 2890485122 [Version] 1048832 [Id] WindowsEditor(7,PC22) [Debug] 1 [PackageName] WindowsEditor [ProjectName] Editor" 

Player connection [17720] Host joined multi-casting on [225.0.0.222:54997]...
Player connection [17720] Host joined alternative multi-casting on [225.0.0.222:34997]...
Input System module state changed to: Initialized.
[Physics::Module] Initialized fallback backend.
[Physics::Module] Id: 0xdecafbad
[Package Manager] Connected to IPC stream "Upm-20464" after 0.2 seconds.
[Licensing::Client] Successfully resolved entitlement details
Library Redirect Path: Library/
Initialising UDS system complete:
  - System type: Client
  - Resource namespace: 72487b62e09863a88008062e59f9a196
  - Shared memory size: 1073741824
  - Command buffer id: 1052576
  - Command buffer size: 8192
  - Hashmap size: 4194304
  - Service connected: false
Launching Unity Data Store - C:/Program Files/Unity/Hub/Editor/6000.6.0f1/Editor/Data/Tools/Unity.DataStore.exe 
Unity Data Store artifact dir = Library/DataStore, working dir = C:/Users/CS2024/1151VR-HW1-414261498-陳宥元[Physics::Module] Selected backend.
[Physics::Module] Name: PhysX
[Physics::Module] Id: 0xf2b8ea05
[Physics::Module] SDK Version: 4.1.2
[Physics::Module] Integration Version: 1.0.0
[Physics::Module] Threading Mode: Multi-Threaded
Unity Data Store running and initialised
Initialize engine version: 6000.6.0f1 (f7f8ed4d1e24)
[EntityIdStore] init: VM path (explicit commit), pageSize=4096, blockCount=1048576, entitiesPerBlock=256, slots reserved=4294967296 bytes
[Subsystems] Discovering subsystems at path C:/Program Files/Unity/Hub/Editor/6000.6.0f1/Editor/Data/Resources/UnitySubsystems
[Subsystems] Discovering subsystems at path C:/Users/CS2024/1151VR-HW1-414261498-陳宥元/Assets
GfxDevice: creating device client; kGfxThreadingModeThreaded
Direct3D:
    Version:  Direct3D 11.0 [level 11.1]
    Renderer: Intel(R) UHD Graphics 770 (ID=0x4680)
    Vendor:   Intel
    VRAM:     8026 MB
    Driver:   32.0.101.7077
Initialize mono
Mono path[0] = 'C:/Program Files/Unity/Hub/Editor/6000.6.0f1/Editor/Data/Managed'
Mono path[1] = 'C:/Program Files/Unity/Hub/Editor/6000.6.0f1/Editor/Data/BCLExtensions/runtime/netstandard2.1'
Mono path[2] = 'C:/Program Files/Unity/Hub/Editor/6000.6.0f1/Editor/Data/MonoBleedingEdge/lib/mono/unityjit-win32'
Mono config path = 'C:/Program Files/Unity/Hub/Editor/6000.6.0f1/Editor/Data/MonoBleedingEdge/etc'
Using monoOptions --debugger-agent=transport=dt_socket,embedding=1,server=y,suspend=n,address=127.0.0.1:56464
CodeReloadManager initialized
ImportWorker Server TCP listen port: 0
AcceleratorClientConnectionCallback - disconnected - :0
Begin MonoManager ReloadAssembly
Registering precompiled unity dll's ...
Register platform support module: C:/Program Files/Unity/Hub/Editor/6000.6.0f1/Editor/Data/PlaybackEngines/WebGLSupport/UnityEditor.WebGL.Extensions.dll
Register platform support module: C:/Program Files/Unity/Hub/Editor/6000.6.0f1/Editor/Data/PlaybackEngines/WindowsStandaloneSupport/UnityEditor.WindowsStandalone.Extensions.dll
[Licensing::Client] Successfully resolved entitlement details
Register platform support module: C:/Program Files/Unity/Hub/Editor/6000.6.0f1/Editor/Data/PlaybackEngines/MetroSupport/UnityEditor.UWP.Extensions.dll
Registered in 0.003339 seconds.
Native extension for UWP target not found
Native extension for WindowsStandalone target not found
Native extension for WebGL target not found
Package Manager log level set to [2]
ScheduleIndexationOnStartup MainProcess:False IndexOnStartup:True
Scripting: successfully reloaded assembly
- Finished resetting the current domain, in  0.681 seconds
Domain Reload Profiling: 1152ms
	BeginReloadAssembly (126ms)
		CreateAndSetChildDomain (19ms)
	RebuildCommonClasses (4ms)
	RebuildNativeTypeToScriptingClass (13ms)
	initialDomainReloadingComplete (57ms)
	LoadAllAssembliesAndSetupDomain (270ms)
		LoadAssemblies (106ms)
		TypeCache.Refresh (176ms)
			TypeCache.ScanAssembly (165ms)
		AnalyzeDomain (0ms)
	FinalizeReload (682ms)
		SetupLoadedEditorAssemblies (0ms)
			InitializePlatformSupportModulesInManaged (33ms)
			BeforeProcessingInitializeOnLoad (114ms)
			ProcessInitializeOnLoadAttributes (166ms)
			ProcessInitializeOnLoadMethodAttributes (155ms)
[Licensing::Client] Successfully resolved entitlement details
Application.AssetDatabase Initial Refresh Start
[Package Manager] Restoring resolved packages state from cache
[Licensing::Client] Successfully resolved entitlement details
[Package Manager] Registered 59 packages:
  Packages from [https://packages.unity.com]:
    com.unity.ai.navigation@2.0.14 (location: C:\Users\CS2024\1151VR-HW1-414261498-陳宥元\Library\PackageCache\com.unity.ai.navigation@134dd6a3b97b)
    com.unity.collab-proxy@2.13.6 (location: C:\Users\CS2024\1151VR-HW1-414261498-陳宥元\Library\PackageCache\com.unity.collab-proxy@4628d2ba6ea4)
    com.unity.ide.rider@3.0.38 (location: C:\Users\CS2024\1151VR-HW1-414261498-陳宥元\Library\PackageCache\com.unity.ide.rider@1f60b3138684)
    com.unity.ide.visualstudio@2.0.26 (location: C:\Users\CS2024\1151VR-HW1-414261498-陳宥元\Library\PackageCache\com.unity.ide.visualstudio@a99d56dec63f)
    com.unity.inputsystem@1.20.0 (location: C:\Users\CS2024\1151VR-HW1-414261498-陳宥元\Library\PackageCache\com.unity.inputsystem@7a4e1a2a8194)
    com.unity.visualscripting@1.9.12 (location: C:\Users\CS2024\1151VR-HW1-414261498-陳宥元\Library\PackageCache\com.unity.visualscripting@4edfcc09512f)
    com.unity.searcher@4.9.5 (location: C:\Users\CS2024\1151VR-HW1-414261498-陳宥元\Library\PackageCache\com.unity.searcher@a463122f2c00)
    com.unity.profiling.core@1.0.3 (location: C:\Users\CS2024\1151VR-HW1-414261498-陳宥元\Library\PackageCache\com.unity.profiling.core@8a49f7027d06)
    com.unity.nuget.mono-cecil@1.11.6 (location: C:\Users\CS2024\1151VR-HW1-414261498-陳宥元\Library\PackageCache\com.unity.nuget.mono-cecil@ecb9724e46ff)
  Built-in packages:
    com.unity.render-pipelines.universal@17.6.0 (location: C:\Users\CS2024\1151VR-HW1-414261498-陳宥元\Library\PackageCache\com.unity.render-pipelines.universal@8457e85b8184)
    com.unity.test-framework@1.8.0 (location: C:\Users\CS2024\1151VR-HW1-414261498-陳宥元\Library\PackageCache\com.unity.test-framework@7a3849e09bd0)
    com.unity.timeline@6.6.0 (location: C:\Users\CS2024\1151VR-HW1-414261498-陳宥元\Library\PackageCache\com.unity.timeline@281d5f7e7d7d)
    com.unity.ugui@2.6.0 (location: C:\Users\CS2024\1151VR-HW1-414261498-陳宥元\Library\PackageCache\com.unity.ugui@23caec89ae27)
    com.unity.modules.accessibility@1.0.0 (location: C:\Users\CS2024\1151VR-HW1-414261498-陳宥元\Library\PackageCache\com.unity.modules.accessibility)
    com.unity.modules.adaptiveperformance@1.0.0 (location: C:\Users\CS2024\1151VR-HW1-414261498-陳宥元\Library\PackageCache\com.unity.modules.adaptiveperformance)
    com.unity.modules.ai@1.0.0 (location: C:\Users\CS2024\1151VR-HW1-414261498-陳宥元\Library\PackageCache\com.unity.modules.ai)
    com.unity.modules.androidjni@1.0.0 (location: C:\Users\CS2024\1151VR-HW1-414261498-陳宥元\Library\PackageCache\com.unity.modules.androidjni)
    com.unity.modules.animation@1.0.0 (location: C:\Users\CS2024\1151VR-HW1-414261498-陳宥元\Library\PackageCache\com.unity.modules.animation)
    com.unity.modules.assetbundle@1.0.0 (location: C:\Users\CS2024\1151VR-HW1-414261498-陳宥元\Library\PackageCache\com.unity.modules.assetbundle)
    com.unity.modules.audio@1.0.0 (location: C:\Users\CS2024\1151VR-HW1-414261498-陳宥元\Library\PackageCache\com.unity.modules.audio)
    com.unity.modules.cloth@1.0.0 (location: C:\Users\CS2024\1151VR-HW1-414261498-陳宥元\Library\PackageCache\com.unity.modules.cloth)
    com.unity.modules.director@1.0.0 (location: C:\Users\CS2024\1151VR-HW1-414261498-陳宥元\Library\PackageCache\com.unity.modules.director)
    com.unity.modules.imageconversion@1.0.0 (location: C:\Users\CS2024\1151VR-HW1-414261498-陳宥元\Library\PackageCache\com.unity.modules.imageconversion)
    com.unity.modules.imgui@1.0.0 (location: C:\Users\CS2024\1151VR-HW1-414261498-陳宥元\Library\PackageCache\com.unity.modules.imgui)
    com.unity.modules.jsonserialize@1.0.0 (location: C:\Users\CS2024\1151VR-HW1-414261498-陳宥元\Library\PackageCache\com.unity.modules.jsonserialize)
    com.unity.modules.particlesystem@1.0.0 (location: C:\Users\CS2024\1151VR-HW1-414261498-陳宥元\Library\PackageCache\com.unity.modules.particlesystem)
    com.unity.modules.physics@1.0.0 (location: C:\Users\CS2024\1151VR-HW1-414261498-陳宥元\Library\PackageCache\com.unity.modules.physics)
    com.unity.modules.physics2d@1.0.0 (location: C:\Users\CS2024\1151VR-HW1-414261498-陳宥元\Library\PackageCache\com.unity.modules.physics2d)
    com.unity.modules.physicscore2d@1.0.0 (location: C:\Users\CS2024\1151VR-HW1-414261498-陳宥元\Library\PackageCache\com.unity.modules.physicscore2d)
    com.unity.modules.screencapture@1.0.0 (location: C:\Users\CS2024\1151VR-HW1-414261498-陳宥元\Library\PackageCache\com.unity.modules.screencapture)
    com.unity.modules.terrain@1.0.0 (location: C:\Users\CS2024\1151VR-HW1-414261498-陳宥元\Library\PackageCache\com.unity.modules.terrain)
    com.unity.modules.terrainphysics@1.0.0 (location: C:\Users\CS2024\1151VR-HW1-414261498-陳宥元\Library\PackageCache\com.unity.modules.terrainphysics)
    com.unity.modules.tetgen@1.0.0 (location: C:\Users\CS2024\1151VR-HW1-414261498-陳宥元\Library\PackageCache\com.unity.modules.tetgen)
    com.unity.modules.tilemap@1.0.0 (location: C:\Users\CS2024\1151VR-HW1-414261498-陳宥元\Library\PackageCache\com.unity.modules.tilemap)
    com.unity.modules.timelinefoundation@1.0.0 (location: C:\Users\CS2024\1151VR-HW1-414261498-陳宥元\Library\PackageCache\com.unity.modules.timelinefoundation)
    com.unity.modules.ui@1.0.0 (location: C:\Users\CS2024\1151VR-HW1-414261498-陳宥元\Library\PackageCache\com.unity.modules.ui)
    com.unity.modules.uielements@1.0.0 (location: C:\Users\CS2024\1151VR-HW1-414261498-陳宥元\Library\PackageCache\com.unity.modules.uielements)
    com.unity.modules.umbra@1.0.0 (location: C:\Users\CS2024\1151VR-HW1-414261498-陳宥元\Library\PackageCache\com.unity.modules.umbra)
    com.unity.modules.unityanalytics@1.0.0 (location: C:\Users\CS2024\1151VR-HW1-414261498-陳宥元\Library\PackageCache\com.unity.modules.unityanalytics)
    com.unity.modules.unitywebrequest@1.0.0 (location: C:\Users\CS2024\1151VR-HW1-414261498-陳宥元\Library\PackageCache\com.unity.modules.unitywebrequest)
    com.unity.modules.unitywebrequestassetbundle@1.0.0 (location: C:\Users\CS2024\1151VR-HW1-414261498-陳宥元\Library\PackageCache\com.unity.modules.unitywebrequestassetbundle)
    com.unity.modules.unitywebrequestaudio@1.0.0 (location: C:\Users\CS2024\1151VR-HW1-414261498-陳宥元\Library\PackageCache\com.unity.modules.unitywebrequestaudio)
    com.unity.modules.unitywebrequesttexture@1.0.0 (location: C:\Users\CS2024\1151VR-HW1-414261498-陳宥元\Library\PackageCache\com.unity.modules.unitywebrequesttexture)
    com.unity.modules.unitywebrequestwww@1.0.0 (location: C:\Users\CS2024\1151VR-HW1-414261498-陳宥元\Library\PackageCache\com.unity.modules.unitywebrequestwww)
    com.unity.modules.vectorgraphics@1.0.0 (location: C:\Users\CS2024\1151VR-HW1-414261498-陳宥元\Library\PackageCache\com.unity.modules.vectorgraphics)
    com.unity.modules.vehicles@1.0.0 (location: C:\Users\CS2024\1151VR-HW1-414261498-陳宥元\Library\PackageCache\com.unity.modules.vehicles)
    com.unity.modules.video@1.0.0 (location: C:\Users\CS2024\1151VR-HW1-414261498-陳宥元\Library\PackageCache\com.unity.modules.video)
    com.unity.modules.wind@1.0.0 (location: C:\Users\CS2024\1151VR-HW1-414261498-陳宥元\Library\PackageCache\com.unity.modules.wind)
    com.unity.modules.xr@1.0.0 (location: C:\Users\CS2024\1151VR-HW1-414261498-陳宥元\Library\PackageCache\com.unity.modules.xr)
    com.unity.modules.subsystems@1.0.0 (location: C:\Users\CS2024\1151VR-HW1-414261498-陳宥元\Library\PackageCache\com.unity.modules.subsystems)
    com.unity.modules.hierarchycore@1.0.0 (location: C:\Users\CS2024\1151VR-HW1-414261498-陳宥元\Library\PackageCache\com.unity.modules.hierarchycore)
    com.unity.ext.nunit@2.1.0 (location: C:\Users\CS2024\1151VR-HW1-414261498-陳宥元\Library\PackageCache\com.unity.ext.nunit@0198eae3b53e)
    com.unity.render-pipelines.core@17.6.0 (location: C:\Users\CS2024\1151VR-HW1-414261498-陳宥元\Library\PackageCache\com.unity.render-pipelines.core@2d66c71e606e)
    com.unity.shadergraph@17.6.0 (location: C:\Users\CS2024\1151VR-HW1-414261498-陳宥元\Library\PackageCache\com.unity.shadergraph@ef6135652377)
    com.unity.render-pipelines.universal-config@17.6.0 (location: C:\Users\CS2024\1151VR-HW1-414261498-陳宥元\Library\PackageCache\com.unity.render-pipelines.universal-config@561422b74439)
    com.unity.graph-authoring@1.0.0 (location: C:\Users\CS2024\1151VR-HW1-414261498-陳宥元\Library\PackageCache\com.unity.graph-authoring@cfd2588851ee)
    com.unity.burst@2.0.0 (location: C:\Users\CS2024\1151VR-HW1-414261498-陳宥元\Library\PackageCache\com.unity.burst@626e66ab421b)
    com.unity.collections@6.6.0 (location: C:\Users\CS2024\1151VR-HW1-414261498-陳宥元\Library\PackageCache\com.unity.collections@10fff0607388)
    com.unity.test-framework.performance@6.6.0 (location: C:\Users\CS2024\1151VR-HW1-414261498-陳宥元\Library\PackageCache\com.unity.test-framework.performance@0a60b857a52e)
[Subsystems] No new subsystems found in resolved package list.
[Package Manager] Done registering packages in 0.02 seconds
Starting: C:\Program Files\Unity\Hub\Editor\6000.6.0f1\Editor\Data\Tools\BuildPipeline\bee_backend.exe --ipc --defer-dag-verification --dagfile="Library/Bee/1900b0aE.dag" --continue-on-failure --profile="Library/Bee/backend1.traceevents" ScriptAssemblies
WorkingDir: C:/Users/CS2024/1151VR-HW1-414261498-陳宥元
warn: Unity.ILPP.Runner.PostProcessingAssemblyLoadContext[0]
      Assembly system.runtime.interopservices.windowsruntime has duplicate hint path. Ignoring "C:\Program Files\Unity\Hub\Editor\6000.6.0f1\Editor\Data\UnityReferenceAssemblies\unity-4.8-api\Facades\System.Runtime.InteropServices.WindowsRuntime.dll" in favor of "C:\Program Files\Unity\Hub\Editor\6000.6.0f1\Editor\Data\NetStandard\Extensions\2.0.0\System.Runtime.InteropServices.WindowsRuntime.dll"
warn: Unity.ILPP.Runner.PostProcessingAssemblyLoadContext[0]
      Assembly system.componentmodel.composition has duplicate hint path. Ignoring "C:\Program Files\Unity\Hub\Editor\6000.6.0f1\Editor\Data\UnityReferenceAssemblies\unity-4.8-api\System.ComponentModel.Composition.dll" in favor of "C:\Program Files\Unity\Hub\Editor\6000.6.0f1\Editor\Data\NetStandard\compat\2.1.0\shims\netfx\System.ComponentModel.Composition.dll"
ExitCode: 0 Duration: 0s247ms
[757/971    0s] ILPP-Configuration Library/ilpp-configuration.nevergeneratedoutput
*** Tundra build success (0.22 seconds), 1 items updated, 971 evaluated
AssetDatabase: script compilation time: 0.652089s
Total cache size 99344444
Total cache size after purge 99344444, took 00:00:00.0731700
Begin MonoManager ReloadAssembly
'Packages/com.unity.render-pipelines.core/Editor/Deprecated.cs' contains partial class of Unity.Object, exactly 1 of the partial classes needs to be in a file with the same filename. This is to know the one that can be referenced from ie. GameObjects
'Packages/com.unity.render-pipelines.core/Editor/Deprecated.cs' contains partial class of Unity.Object, exactly 1 of the partial classes needs to be in a file with the same filename. This is to know the one that can be referenced from ie. GameObjects
Native extension for UWP target not found
Native extension for WindowsStandalone target not found
Native extension for WebGL target not found
ScheduleIndexationOnStartup MainProcess:True IndexOnStartup:True
Scripting: successfully reloaded assembly
- Finished resetting the current domain, in  0.856 seconds
Domain Reload Profiling: 1687ms
	BeginReloadAssembly (205ms)
		DisableScriptedObjects (24ms)
		CreateAndSetChildDomain (44ms)
	RebuildCommonClasses (7ms)
	RebuildNativeTypeToScriptingClass (13ms)
	initialDomainReloadingComplete (45ms)
	LoadAllAssembliesAndSetupDomain (560ms)
		LoadAssemblies (285ms)
		TypeCache.Refresh (162ms)
			TypeCache.ScanAssembly (151ms)
		AnalyzeDomain (70ms)
			BuildScriptInfoCaches (61ms)
			ResolveRequiredComponents (8ms)
	FinalizeReload (857ms)
		SetupLoadedEditorAssemblies (0ms)
			InitializePlatformSupportModulesInManaged (9ms)
			BeforeProcessingInitializeOnLoad (93ms)
			ProcessInitializeOnLoadAttributes (289ms)
			ProcessInitializeOnLoadMethodAttributes (117ms)
			AfterProcessingInitializeOnLoad (4ms)
		AwakeInstancesAfterBackupRestoration (26ms)
Starting new worker id: 0 with log in C:/Users/CS2024/1151VR-HW1-414261498-陳宥元/Logs/AssetImportWorkerHW0.log

Asset Pipeline Refresh (id=37c93675c2f021a42a5cba3da823a711): Total: 2.837 seconds - Initiated by InitialRefreshV2(ForceSynchronousImport)
	(Values over 0.05ms)
	Summary:
		Imports: total=0 (actual=0, local cache=0, cache server=0)
		Asset DB Process Time: managed=0 ms, native=1208 ms
		Asset DB Callback time: managed=30 ms, native=22 ms
		Scripting: domain reloads=1, domain reload time=871 ms, compile time=654 ms, other=50 ms
		Project Asset Count: scripts=1368, non-scripts=2317
		Asset File Changes: new=0, changed=0, moved=0, deleted=0
		Scan Filter Count: 0
	InvokePackagesCallback: 23.727ms
	ApplyChangesToAssetFolders: 0.518ms
	Scan: 69.969ms
	Collect global state as custom dependencies: 18.166ms
	CategorizeScriptCompilationAssets: 37.758ms
	ProcessAssetsWithTransientArtifactChanges: 61.440ms
	CategorizeAssets: 42.905ms
	CompileScripts: 653.762ms
	ImportOutOfDateAssets: 869.644ms (862.123ms without children)
		UnloadImportedAssets: 0.667ms
		EnsureUptoDateAssetsAreRegisteredWithGuidPM: 0.535ms
		ImportSchedulerStart: 6.281ms
	PostProcessAllAssets: 30.706ms
		MonoPostProcessAllAssets: 30.642ms
			UniversalRenderPipelineGlobalSettingsPostprocessor.OnPostprocessAllAssets 13.031ms
			SyncVS.PostprocessSyncProject 3.123ms
			WindowAssetPostprocessingWatcher.OnPostprocessAllAssets 1.658ms
			SpeedTree9Postprocessor.OnPostprocessAllAssets 1.601ms
			EditModeScopePostprocessor.OnPostprocessAllAssets 0.820ms
			RenderPipelineGlobalSettingsPostprocessor.OnPostprocessAllAssets 0.659ms
			ShaderReflectionAssetPostProcessor.OnPostprocessAllAssets 0.475ms
			InputActionAssetPostprocessor.OnPostprocessAllAssets 0.273ms
			ReferencedClipsPostProcessor.OnPostprocessAllAssets 0.249ms
			TerrainToolbarOverlayPostProcessor.OnPostprocessAllAssets 0.195ms
			ProjectSettingsPostprocessor.OnPostprocessAllAssets 0.158ms
			AssetDatabaseCallbacks.OnPostprocessAllAssets 0.154ms
	UnloadStreamsBegin: 1.307ms
	PersistCurrentRevisions: 0.137ms
	GenerateScriptTypeHashes: 1.046ms
	GenerateScriptTypeSerializationHashes: 1.955ms
	Untracked: 1009.234ms

Application.AssetDatabase Initial Refresh End
Launched and connected shader compiler UnityShaderCompiler.exe after 0.01 seconds
Scanning for USB devices : 16.281ms
Initializing Unity extensions:
[MODES] ModeService[none].Initialize
[MODES] ModeService[none].LoadModes
[MODES] Loading mode Default (0) for mode-current-id-1151VR-HW1-414261498-陳宥元
Unloading 61 Unused Serialized files (Serialized files now loaded: 0)
Loaded scene 'Assets/Scenes/SampleScene.unity'
	Deserialize:            3.417 ms
	Integration:            11.040 ms
	Integration of assets:  0.001 ms
	Thread Wait Time:       0.021 ms
	Total Operation Time:   14.479 ms
Unloading 6621 unused Assets / (12.7 MB). Loaded Objects now: 7585.
Memory consumption went from 431.6 MB to 418.8 MB.
Total: 13.581300 ms (FindLiveObjects: 0.717900 ms CreateObjectMapping: 0.331500 ms MarkObjects: 8.133500 ms  DeleteObjects: 4.057700 ms)

[LAYOUT] About to load UserSettings\Layouts\default-6000.dwlt, keepMainWindow=False
[LAYOUT] About to save layout C:\Users\CS2024\1151VR-HW1-414261498-陳宥元\UserSettings\Layouts\default-6000.dwlt
[LAYOUT] About to save layout C:/Users/CS2024/AppData/Roaming/Unity/Editor-5.x/Preferences\Layouts\current\default-6000.dwlt
[MODES] ModeService[default].InitializeCurrentMode
[MODES] ModeService[default].RaiseModeChanged(default, default)
<RI> Initializing input.
Using Windows.Gaming.Input
[Project] Loading completed in 6.497 seconds
	Project init time: 				5.478 seconds
		Template init time: 		0.000 seconds
		Package Manager init time: 		0.192 seconds
		Asset Database init time: 		0.570 seconds
		Global illumination init time: 	0.003 seconds
		Assemblies load time: 			1.186 seconds
		Unity extensions init time: 	0.031 seconds
		Asset Database refresh time: 	2.838 seconds
	Scene opening time: 			0.915 seconds
##utp:{"type":"ProjectInfo","version":2,"phase":"Immediate","time":1789958464018,"processId":20464,"projectLoad":6.4973866,"projectInit":5.4783575,"templateInit":0.0,"packageManagerInit":0.1918638,"assetDatabaseInit":0.5698208,"globalIlluminationInit":0.0026427,"assembliesLoad":1.185889,"unityExtensionsInit":0.0312344,"assetDatabaseRefresh":2.8375523,"sceneOpening":0.9147758}
##utp:{"type":"EditorInfo","version":2,"phase":"Immediate","time":1789958464018,"processId":20464,"editorVersion":"6000.6.0f1 (f7f8ed4d1e24)","branch":"6000.6/respin/6000.6.0f1-fa21a270ab12","buildType":"Release","platform":"Windows"}
Worker ready: AssetImportWorkerHW0 0
GPU Resident Drawer created.
Launched and connected shader compiler UnityShaderCompiler.exe after 0.01 seconds
Launched and connected shader compiler UnityShaderCompiler.exe after 0.01 seconds
[Licensing::Client] Successfully resolved entitlement details
Created GICache directory at C:/Users/CS2024/AppData/LocalLow/Unity/Caches/GiCache. Took: 0.011s, timestamps: [7.628 - 7.640]
[Licensing::Client] Successfully resolved entitlement details
[Licensing::Client] Successfully resolved entitlement details
[Licensing::Client] Successfully updated the access token
[Licensing::Module] Successfully updated access token: "s5KDssUK"... (expires: 2026-09-21T03:11:57Z)
[Licensing::Client] Successfully resolved entitlement details
Asset Pipeline Refresh (id=0870ec7ac1aeeaf45be460badd1483a5): Total: 0.058 seconds - Initiated by RefreshV2(AllowForceSynchronousImport)
Start Indexing on Editor startup
[Indexing] Starting Initial Indexing for Assets
TrimDiskCacheJob: Current cache size 0mb
Starting new worker id: 1 with log in C:/Users/CS2024/1151VR-HW1-414261498-陳宥元/Logs/AssetImportWorkerHW1.log
[Worker0] Imported GUID: 00000000000000001000000000000000 - Path: Assets - Importer: PreviewImporter -> (ImportResultId: 'e7deeb2551deae0121fd5a6b039aae71') in 0.0177153 seconds
Worker ready: AssetImportWorkerHW1 1
Importing 'GUID: a46df2acdd5b9e6458b3c6bda17fd2fe - Path: Assets/3D object' with importer (DefaultImporter)
Imported 'GUID: a46df2acdd5b9e6458b3c6bda17fd2fe' -> (Import Result ID: '92d62f814be364a20647ae5fdc9bdc64') in 0.008 seconds [static dependencies only]. Details - ImportResultOutputID=b0c391424195b80c766fb851f568624c DependenciesID=e52e687039c2c6a0949a12147626623d StaticDependenciesID=07c2fe667638a98b4de8142b83f3cbef 
Asset Pipeline Refresh (id=61eb90b0ad670a848be7adad925235c1): Total: 0.086 seconds - Initiated by StopAssetImportingV2(NoUpdateAssetOptions)
Request Asset Garbage Collect because used heap size increased from 418.5 MB to 0.67 GB, exceeding the threshold of 256.0 MB.
Unloading 4 Unused Serialized files (Serialized files now loaded: 0)
[Worker0] Imported GUID: a46df2acdd5b9e6458b3c6bda17fd2fe - Path: Assets/3D object - Importer: PreviewImporter -> (ImportResultId: '258daf3739d14a0bfadde5f94db4af34') in 0.0116946 seconds
Unloading 128 unused Assets / (17.0 MB). Loaded Objects now: 8855.
Memory consumption went from 0.67 GB to 0.65 GB.
Total: 15.892300 ms (FindLiveObjects: 0.554300 ms CreateObjectMapping: 0.142800 ms MarkObjects: 11.710600 ms  DeleteObjects: 3.016800 ms)

[Worker0] Imported GUID: a46df2acdd5b9e6458b3c6bda17fd2fe - Path: Assets/3D object - Importer: ScriptedImporter/UnityEditor.QuickSearchModule:UnityEditor.Search:ASIAI0B -> (ImportResultId: '9fec6ee6b10fa4aa24aaacd3545a4c71') in 0.0464524 seconds
[Licensing::Client] Successfully updated the access token
[Licensing::Module] Successfully updated the access token s5KDssUKpP...
[Licensing::Client] Successfully resolved entitlement details
[Licensing::Client] Successfully updated license, isAsync: True, time: 0.00
[Licensing::Client] Successfully resolved entitlement details
[Licensing::Client] Successfully resolved entitlement details
[Licensing::Client] Successfully resolved entitlement details
Asset Pipeline Refresh (id=f53ce7ee239e5f1439e3fe8c9988a20c): Total: 0.009 seconds - Initiated by RefreshV2(AllowForceSynchronousImport)
[Licensing::Client] Successfully resolved entitlement details
[Licensing::Client] Successfully resolved entitlement details
[Licensing::Client] Successfully resolved entitlement details
[Licensing::Client] Successfully resolved entitlement details
[Licensing::Client] Successfully resolved entitlement details
[Licensing::Client] Successfully resolved entitlement details
[Licensing::Client] Successfully resolved entitlement details
[Licensing::Client] Successfully resolved entitlement details
[Licensing::Client] Successfully resolved entitlement details
Importing 'GUID: 00000000000000009000000000000000 - Path: ProjectSettings/QualitySettings.asset' with importer (LibraryAssetImporter)
Imported 'GUID: 00000000000000009000000000000000' -> (Import Result ID: '8151b601d05d3e12de314c2aa1f82962') in 0.001 seconds [static dependencies only]. Details - ImportResultOutputID=2a108b3da874f726c62fbe5f12be4a8a DependenciesID=6180c49ef29638684367d2893c04e070 StaticDependenciesID=5b19720d9149525484b40148944c8e26 
Asset Pipeline Refresh (id=691e09ce062a12244b4f6e12facaad93): Total: 0.019 seconds - Initiated by StopAssetImportingV2(NoUpdateAssetOptions)
[ScriptCompilation] Requested script compilation because: AssetDatabase observed changes in script compilation related files
Starting: C:\Program Files\Unity\Hub\Editor\6000.6.0f1\Editor\Data\Tools\BuildPipeline\bee_backend.exe --ipc --defer-dag-verification --dagfile="Library/Bee/1900b0aE.dag" --continue-on-failure --profile="Library/Bee/backend1.traceevents" ScriptAssemblies
WorkingDir: C:/Users/CS2024/1151VR-HW1-414261498-陳宥元
ExitCode: 4 Duration: 0s163ms
[757/971    0s] ILPP-Configuration Library/ilpp-configuration.nevergeneratedoutput
Rebuilding DAG because FileSignature timestamp changed: Library/Bee/1900b0aE-inputdata.json
*** Tundra requires additional run (0.14 seconds), 1 items updated, 771 evaluated
Starting: C:\Program Files\Unity\Hub\Editor\6000.6.0f1\Editor\Data\DotNetSdk\dotnet.exe "C:\Program Files\Unity\Hub\Editor\6000.6.0f1\Editor\Data\Tools\BuildPipeline\ScriptCompilationBuildProgram.exe" "Library/Bee/1900b0aE.dag.json" "Library/Bee/1900b0aE-inputdata.json" "Library\Bee\buildprogram0.traceevents"
WorkingDir: C:/Users/CS2024/1151VR-HW1-414261498-陳宥元
ExitCode: 0 Duration: 1s937ms
Starting: C:\Program Files\Unity\Hub\Editor\6000.6.0f1\Editor\Data\Tools\BuildPipeline\bee_backend.exe --ipc --defer-dag-verification --dagfile="Library/Bee/1900b0aE.dag" --continue-on-failure --dagfilejson="Library\Bee\1900b0aE.dag.json" --profile="Library/Bee/backend2.traceevents" ScriptAssemblies
WorkingDir: C:/Users/CS2024/1151VR-HW1-414261498-陳宥元
ExitCode: 0 Duration: 1s757ms
Finished compiling graph: 974 nodes, 18945 flattened edges (16141 ToBuild, 148 ToUse), maximum node priority 1022
[539/971    0s] WriteText Library/Bee/artifacts/1900b0aE.dag/Assembly-CSharp.rsp
[755/971    0s] ILPP-Configuration Library/ilpp-configuration.nevergeneratedoutput
[963/971    0s] Csc Library/Bee/artifacts/1900b0aE.dag/Assembly-CSharp.dll (+2 others)
[964/971    0s] Csc Library/Bee/artifacts/1900b0aE.dag/Assembly-CSharp-Editor.dll (+2 others)
[965/971    0s] ILPostProcess Library/Bee/artifacts/1900b0aE.dag/post-processed/Assembly-CSharp-Editor.dll (+pdb)
Processing assembly Library/Bee/artifacts/1900b0aE.dag/Assembly-CSharp-Editor.dll, with 146 defines and 375 references

processors: Unity.Jobs.CodeGen.JobsILPostProcessor, zzzUnity.Burst.CodeGen.BurstILPostProcessor

1 processor(s) skipped this assembly

running Unity.Jobs.CodeGen.JobsILPostProcessor
[966/971    0s] ILPostProcess Library/Bee/artifacts/1900b0aE.dag/post-processed/Assembly-CSharp.dll (+pdb)
Processing assembly Library/Bee/artifacts/1900b0aE.dag/Assembly-CSharp.dll, with 148 defines and 351 references

processors: Unity.Jobs.CodeGen.JobsILPostProcessor, zzzUnity.Burst.CodeGen.BurstILPostProcessor

1 processor(s) skipped this assembly

running Unity.Jobs.CodeGen.JobsILPostProcessor
[967/971    0s] CopyFiles Library/ScriptAssemblies/Assembly-CSharp.pdb
[968/971    0s] CopyFiles Library/ScriptAssemblies/Assembly-CSharp-Editor.dll
[969/971    0s] CopyFiles Library/ScriptAssemblies/Assembly-CSharp-Editor.pdb
[970/971    0s] CopyFiles Library/ScriptAssemblies/Assembly-CSharp.dll
*** Tundra build success (1.74 seconds), 10 items updated, 971 evaluated
Total cache size 99344444
Total cache size after purge 99344444, took 00:00:00.0493265
Reloading assemblies after forced synchronous recompile.
Begin MonoManager ReloadAssembly
GPU Resident Drawer disposed.
Importing 'GUID: 13d42f988eb87d74599658eb3ae7c854 - Path: Assets/Kevin Iglesias' with importer (DefaultImporter)
Imported 'GUID: 13d42f988eb87d74599658eb3ae7c854' -> (Import Result ID: 'fd6198142b011f7fe532fbda5a36b4a8') in 0.015 seconds [static dependencies only]. Details - ImportResultOutputID=92c88e81d44a7ea188e44dcd6aa2ac22 DependenciesID=277311002b8199c35bc1943ad3dff1a2 StaticDependenciesID=810eb88f3d81b11425720d77bdd6dcae 
Importing 'GUID: b6e7451db795eb14b8b86c01246b4e45 - Path: Assets/Kevin Iglesias/Human Animations' with importer (DefaultImporter)
Imported 'GUID: b6e7451db795eb14b8b86c01246b4e45' -> (Import Result ID: '170faeb66bc18bdc1454f2b5cc81ae95') in 0.001 seconds [static dependencies only]. Details - ImportResultOutputID=4b2bd2feca6e637cab0f8d4ddd76b91b DependenciesID=80e59dd0174d47f7f2ae17dbb123da21 StaticDependenciesID=39a6ecc1e9f5843a99f032aa0499dcc3 
Importing 'GUID: 7278ad681fe961a49a8889ba9f9d45df - Path: Assets/Kevin Iglesias/Human Animations/Models' with importer (DefaultImporter)
Imported 'GUID: 7278ad681fe961a49a8889ba9f9d45df' -> (Import Result ID: '60d3df2bd7143c89619453ac74e5b4af') in 0.000 seconds [static dependencies only]. Details - ImportResultOutputID=9da367ca23f5b617af388eecb1ee8997 DependenciesID=421560a9d4d6471f6a5c9c0ace68432c StaticDependenciesID=a4e7a7c88aaf72822b26eef7542cdadc 
Importing 'GUID: c2107d18fdd13e046b6b333ce7d88eca - Path: Assets/Kevin Iglesias/Human Animations/Unity Demo Scenes' with importer (DefaultImporter)
Imported 'GUID: c2107d18fdd13e046b6b333ce7d88eca' -> (Import Result ID: '506566ac235c5d5ba5f6952680ac8eea') in 0.000 seconds [static dependencies only]. Details - ImportResultOutputID=1a97499fbeaf4b1cb5174c251aa5d85d DependenciesID=1d51e0f511331b5e5a055eaca03467d9 StaticDependenciesID=cb8dfd158805c3ac6a0d350b8b4ce296 
Importing 'GUID: e64c16a1da5b84c4488d02899ba2e527 - Path: Assets/Kevin Iglesias/Human Animations/Scripts' with importer (DefaultImporter)
Imported 'GUID: e64c16a1da5b84c4488d02899ba2e527' -> (Import Result ID: '1c5f81ac497dab9206e8975b6c5b6343') in 0.000 seconds [static dependencies only]. Details - ImportResultOutputID=707734afac07832b3fddcf837b3b6434 DependenciesID=1a9594e83d26f90263618d1fe1fdc4a3 StaticDependenciesID=e363a8bc401096db2ff0dec358ddf0b4 
Importing 'GUID: efeb8c36a1723364392603dda24becb0 - Path: Assets/Kevin Iglesias/Human Animations/Animations' with importer (DefaultImporter)
Imported 'GUID: efeb8c36a1723364392603dda24becb0' -> (Import Result ID: 'b349b7bd268f009e4b31c6d0641a2d09') in 0.000 seconds [static dependencies only]. Details - ImportResultOutputID=770f422b5f95981ba79f85a0f82b56b8 DependenciesID=27093e801006a052cd2648b6d1998dea StaticDependenciesID=afa0f6a01527396648268118dcccdad9 
Importing 'GUID: a188c029449cdad41b29e2705df3bea4 - Path: Assets/Kevin Iglesias/Human Animations/Animations/Female' with importer (DefaultImporter)
Imported 'GUID: a188c029449cdad41b29e2705df3bea4' -> (Import Result ID: 'd476e09530a2c5e64ecb1bb0f7c5b0ff') in 0.000 seconds [static dependencies only]. Details - ImportResultOutputID=875d471d7f852f6be6c7967c9e555d67 DependenciesID=c13ce35936f0ea443251a1883464494e StaticDependenciesID=6d52e72c65166cf26cfad430d48559a2 
Importing 'GUID: f2c0bdf39740723408c784517a995932 - Path: Assets/Kevin Iglesias/Human Animations/Animations/Male' with importer (DefaultImporter)
Imported 'GUID: f2c0bdf39740723408c784517a995932' -> (Import Result ID: '0330ff0c1518926f93b571efdf8c4e6e') in 0.000 seconds [static dependencies only]. Details - ImportResultOutputID=f85200ca4d985b29e3b83509da1da53f DependenciesID=c2fe3a1202e1a788fc7b7c3e67ae2f5f StaticDependenciesID=7029d437403a462528c3745ca9c876ec 
Importing 'GUID: c88eb6ce85fdaec4d888ec5047a2f5a6 - Path: Assets/Kevin Iglesias/Human Animations/Unity Demo Scenes/Human Basic Motions' with importer (DefaultImporter)
Imported 'GUID: c88eb6ce85fdaec4d888ec5047a2f5a6' -> (Import Result ID: '5f55e91965f86f74dce372a40c94a19b') in 0.000 seconds [static dependencies only]. Details - ImportResultOutputID=f632de5bd4f27170d9ac3dbedaa4f111 DependenciesID=660a1afd8adcb1fd3a10cede30509fc1 StaticDependenciesID=a4ce2dd5ec24746d66e38fd3c663e2c1 
Importing 'GUID: 7913c8be7c5917b4b92b228ee0d8a9d6 - Path: Assets/Kevin Iglesias/Human Animations/Models/Avatar Masks' with importer (DefaultImporter)
Imported 'GUID: 7913c8be7c5917b4b92b228ee0d8a9d6' -> (Import Result ID: '54399b04c653b91f1eacdea13f8c7e03') in 0.000 seconds [static dependencies only]. Details - ImportResultOutputID=82f43cdd997e84b05b2fcd1f8a844800 DependenciesID=effcb84cdf5354bec2a8e7e3097df8b4 StaticDependenciesID=91d778e10bc6fc658577dc88182c53c9 
Importing 'GUID: 6e8891b4ee5f33644a4d56ebad0d4170 - Path: Assets/Kevin Iglesias/Human Animations/Animations/Masked Poses' with importer (DefaultImporter)
Imported 'GUID: 6e8891b4ee5f33644a4d56ebad0d4170' -> (Import Result ID: '0e66fd1c75fb2a42057a6dd22c604bfc') in 0.000 seconds [static dependencies only]. Details - ImportResultOutputID=2232c2fea0b6b506067876bafd30ea67 DependenciesID=81941246cbcd3807b59a17f6e442f957 StaticDependenciesID=9f9e4c374283554a5231d9953078fba0 
Importing 'GUID: 303fee22b3d6f2f4d941430abb76c454 - Path: Assets/Kevin Iglesias/Human Animations/Unity Demo Scenes/Human Basic Motions/Script' with importer (DefaultImporter)
Imported 'GUID: 303fee22b3d6f2f4d941430abb76c454' -> (Import Result ID: '787a8bc0a658e336ca06195e265c6b17') in 0.000 seconds [static dependencies only]. Details - ImportResultOutputID=ec9cee9687d24f2a38aa6114b96dbbbf DependenciesID=c2300b3f517be66680f89ceb9d8c3194 StaticDependenciesID=dbbb08765f939ea2549354b88a0b5513 
Importing 'GUID: 9062e0d614ae38b458231f34f36af0e8 - Path: Assets/Kevin Iglesias/Human Animations/Unity Demo Scenes/Human Basic Motions/Textures' with importer (DefaultImporter)
Imported 'GUID: 9062e0d614ae38b458231f34f36af0e8' -> (Import Result ID: '1decf5e701542281d8d05ced74655beb') in 0.000 seconds [static dependencies only]. Details - ImportResultOutputID=5d3ea9c6b250a88249c689b63006044d DependenciesID=1516a882dfac1b0bcbb80b50d8df0748 StaticDependenciesID=5a7e7270897f7b082d3ed76f4ffc5976 
Importing 'GUID: d00c71d24c7056945b5a9c1265d3cdcf - Path: Assets/Kevin Iglesias/Human Animations/Unity Demo Scenes/Human Basic Motions/Prefabs' with importer (DefaultImporter)
Imported 'GUID: d00c71d24c7056945b5a9c1265d3cdcf' -> (Import Result ID: 'fd7dbfe927700026b68b842785f85af0') in 0.000 seconds [static dependencies only]. Details - ImportResultOutputID=ad739b5f9cfee117bdddd974f4b35501 DependenciesID=80830250029199d00a325481ad16fde6 StaticDependenciesID=b7574aafcab63d65c6975bbf67ddece2 
Importing 'GUID: f2c3f25206bc5304593237a67a5a30b4 - Path: Assets/Kevin Iglesias/Human Animations/Animations/Female/Social' with importer (DefaultImporter)
Imported 'GUID: f2c3f25206bc5304593237a67a5a30b4' -> (Import Result ID: '58286467927e1e0b3ce6a9afb38e6726') in 0.000 seconds [static dependencies only]. Details - ImportResultOutputID=17965aaf98f9e6cd139a38b7cd06589f DependenciesID=df637c43abb4ce47066bb794cac38203 StaticDependenciesID=dee60011afe95afa089216a80d35ed3b 
Importing 'GUID: 53f04a4ec8491524e9cdd29521175434 - Path: Assets/Kevin Iglesias/Human Animations/Animations/Female/Movement' with importer (DefaultImporter)
Imported 'GUID: 53f04a4ec8491524e9cdd29521175434' -> (Import Result ID: 'd93db4abf65437e8382299ef846c77c6') in 0.000 seconds [static dependencies only]. Details - ImportResultOutputID=fcc5f49587fb775046791dd69a72aeb4 DependenciesID=dea093d3a91134286f381d0400afb148 StaticDependenciesID=1fcd089bc68c7222b069afad51d39ef8 
Importing 'GUID: b3303b9e968a80b4694a24c6fcda0129 - Path: Assets/Kevin Iglesias/Human Animations/Models/Avatar Masks/Arms' with importer (DefaultImporter)
Imported 'GUID: b3303b9e968a80b4694a24c6fcda0129' -> (Import Result ID: '7ee22e2e4894fc104367e0673ca4fd99') in 0.000 seconds [static dependencies only]. Details - ImportResultOutputID=02e934e21f3d507eb5debd43cf9773c0 DependenciesID=693900a0eef69a01581e6fd98028f783 StaticDependenciesID=2dca1c67df334fd66fb6b0a2fe081ff0 
Importing 'GUID: 14b354c87e646e24b84a04de67edf8a1 - Path: Assets/Kevin Iglesias/Human Animations/Animations/Male/Movement' with importer (DefaultImporter)
Imported 'GUID: 14b354c87e646e24b84a04de67edf8a1' -> (Import Result ID: '92c806df6eb8f6951ba3433facfdcf09') in 0.001 seconds [static dependencies only]. Details - ImportResultOutputID=635cc3a65a0ee735a182bb4bfcc2eb33 DependenciesID=b209f5121685512b30aed81b82a01b15 StaticDependenciesID=7e0bc423f89d3e8423382acfea86fd96 
Importing 'GUID: e5a63be753497564491d18960755a602 - Path: Assets/Kevin Iglesias/Human Animations/Unity Demo Scenes/Human Basic Motions/Materials' with importer (DefaultImporter)
Imported 'GUID: e5a63be753497564491d18960755a602' -> (Import Result ID: '809003d279d32287b368a46a03178342') in 0.000 seconds [static dependencies only]. Details - ImportResultOutputID=624163dab65929fdc9de8904481aa792 DependenciesID=557ce14b1541710a4dba8ad46079438d StaticDependenciesID=886bb778c7ec99e0d18d0df6631a95a3 
Importing 'GUID: e6594c847f8afc14d9221105e31658cd - Path: Assets/Kevin Iglesias/Human Animations/Animations/Male/Idles' with importer (DefaultImporter)
Imported 'GUID: e6594c847f8afc14d9221105e31658cd' -> (Import Result ID: '673777135666ee640764f7007b4acbf7') in 0.001 seconds [static dependencies only]. Details - ImportResultOutputID=21b88a4f1d8f137e77331ca932424a3f DependenciesID=040d27152bf31c26b5682823f369b63c StaticDependenciesID=3094738868e0352333d6dedeca638245 
Importing 'GUID: 17f8fc7826aaf7340b3a2791ed7d4476 - Path: Assets/Kevin Iglesias/Human Animations/Unity Demo Scenes/Human Basic Motions/AnimatorControllers' with importer (DefaultImporter)
Imported 'GUID: 17f8fc7826aaf7340b3a2791ed7d4476' -> (Import Result ID: '95ad180f8458932a7970274832fd3704') in 0.000 seconds [static dependencies only]. Details - ImportResultOutputID=94a29a4c4c30bd1a476510c0295c69aa DependenciesID=ec61e9e717d4c79de24c0197294f1df6 StaticDependenciesID=afba6dbc431aa25b13371d1f9fa95610 
Importing 'GUID: 1b5d2dff97c273541bda936d8c0a376c - Path: Assets/Kevin Iglesias/Human Animations/Unity Demo Scenes/Human Basic Motions/Models' with importer (DefaultImporter)
Imported 'GUID: 1b5d2dff97c273541bda936d8c0a376c' -> (Import Result ID: '79319f6cc544872a4594e43ebd3485fc') in 0.000 seconds [static dependencies only]. Details - ImportResultOutputID=760e8a025c55ec90575b18da3f98a7ae DependenciesID=209b048d83664b8bdcf7eb1909352ac4 StaticDependenciesID=8be711e0b965c2080548a07163a3fa6e 
Importing 'GUID: 3ba01845b5bdefc4493d65ee1b969525 - Path: Assets/Kevin Iglesias/Human Animations/Animations/Male/Social' with importer (DefaultImporter)
Imported 'GUID: 3ba01845b5bdefc4493d65ee1b969525' -> (Import Result ID: '1ff68208d637d8cb52ebeec4fc4677ef') in 0.000 seconds [static dependencies only]. Details - ImportResultOutputID=c4e35d6894efae470a5937404333c9be DependenciesID=121798e076ef02dd1bda646aee26a8c5 StaticDependenciesID=064a331825db6484ebdad49f029715ed 
Importing 'GUID: 5e92f90055a54ab47b74a1f5297faecd - Path: Assets/Kevin Iglesias/Human Animations/Animations/Female/Idles' with importer (DefaultImporter)
Imported 'GUID: 5e92f90055a54ab47b74a1f5297faecd' -> (Import Result ID: '3b54688d4d88d5ea5bc9649856005892') in 0.000 seconds [static dependencies only]. Details - ImportResultOutputID=7154ec2fc4795848af66c36a4e2798a3 DependenciesID=80f0035ba53be3a13d073c7397602a3a StaticDependenciesID=9402951844f22666077d161e47e25969 
Importing 'GUID: 4ff39103735d8aa4cb2b923e50e2d165 - Path: Assets/Kevin Iglesias/Human Animations/Models/Avatar Masks/Hands' with importer (DefaultImporter)
Imported 'GUID: 4ff39103735d8aa4cb2b923e50e2d165' -> (Import Result ID: 'e7d43f8b4a8d3325cd270c9941208212') in 0.000 seconds [static dependencies only]. Details - ImportResultOutputID=953be8f5446ff1517e53626e40f23709 DependenciesID=20940f2ce3ba65aedf49509a9704b7de StaticDependenciesID=3c8c5461d0e98ea78c70d78acc45c08a 
Importing 'GUID: 6f14e9f139cd8a647bda96b39cc88028 - Path: Assets/Kevin Iglesias/Human Animations/Unity Demo Scenes/Human Basic Motions/Shaders' with importer (DefaultImporter)
Imported 'GUID: 6f14e9f139cd8a647bda96b39cc88028' -> (Import Result ID: '662dd92b7e8492c94f674d19305c5345') in 0.000 seconds [static dependencies only]. Details - ImportResultOutputID=ac1da36c94c632ef63c63c8a309f5363 DependenciesID=9334aced1cb417fa03e0becd0011eaf8 StaticDependenciesID=399854ff99518302d9ffdf2d08faf76e 
Importing 'GUID: 9036fa8b253f7b242918d9e229a5138d - Path: Assets/Kevin Iglesias/Human Animations/Animations/Male/Movement/Walk' with importer (DefaultImporter)
Imported 'GUID: 9036fa8b253f7b242918d9e229a5138d' -> (Import Result ID: '38fe09ebcfc6607057446f7742408839') in 0.000 seconds [static dependencies only]. Details - ImportResultOutputID=b5e21267bb72248f53f893e75b2fdfd8 DependenciesID=508a3a85e7031e148b577e16961848e6 StaticDependenciesID=5117fa46a2e82d477496ac3ddd584af4 
Importing 'GUID: c05c587ee4b52c140b281cbbb11edb94 - Path: Assets/Kevin Iglesias/Human Animations/Animations/Male/Movement/Run' with importer (DefaultImporter)
Imported 'GUID: c05c587ee4b52c140b281cbbb11edb94' -> (Import Result ID: '3e3164878fe3c560eb7d1f63652df999') in 0.000 seconds [static dependencies only]. Details - ImportResultOutputID=6a139416ed65816085d4d6c8c091ffe7 DependenciesID=0c56298de18ae2edfb401968504991f5 StaticDependenciesID=6a8cd73ad85a65aa231273bd4c78bf62 
Importing 'GUID: 61d2d2e7bd6ea564e9c05751a3dfdf21 - Path: Assets/Kevin Iglesias/Human Animations/Animations/Female/Social/Conversation' with importer (DefaultImporter)
Imported 'GUID: 61d2d2e7bd6ea564e9c05751a3dfdf21' -> (Import Result ID: 'a5429948a2cb7f9160052360f6caa871') in 0.000 seconds [static dependencies only]. Details - ImportResultOutputID=425c96c8ed842023e57deebabf063098 DependenciesID=aa188e62ee0a847f4d4c2e27d3d84464 StaticDependenciesID=1d3d84d3b30732a4848f8fa50121ff1c 
Importing 'GUID: e1f77fcf2f98c1f4099b95656e1e841b - Path: Assets/Kevin Iglesias/Human Animations/Animations/Female/Movement/Turn' with importer (DefaultImporter)
Imported 'GUID: e1f77fcf2f98c1f4099b95656e1e841b' -> (Import Result ID: '6a7cb0be9300fa7451a2dc0fa46eac26') in 0.000 seconds [static dependencies only]. Details - ImportResultOutputID=7c7137d9f157538db78b19923e6b3ec6 DependenciesID=60b8a25ef7251596ac3c825ba0593908 StaticDependenciesID=b4ef29375213554441c5bc04b340d51a 
Importing 'GUID: c2c482be839c3de4ea61574648bc1e70 - Path: Assets/Kevin Iglesias/Human Animations/Animations/Female/Movement/Sprint' with importer (DefaultImporter)
Imported 'GUID: c2c482be839c3de4ea61574648bc1e70' -> (Import Result ID: 'd761aa6ca9482aa7e09d0e1993d90de8') in 0.000 seconds [static dependencies only]. Details - ImportResultOutputID=c6f6472bb111f05c92654f21625ae033 DependenciesID=b0508bf84e5a9664a841b4e128d83a3e StaticDependenciesID=bec9866be22f37e6e316804665adc7cc 
Importing 'GUID: d349d325a9834be45b2b56a3ffac92d4 - Path: Assets/Kevin Iglesias/Human Animations/Animations/Female/Movement/Walk' with importer (DefaultImporter)
Imported 'GUID: d349d325a9834be45b2b56a3ffac92d4' -> (Import Result ID: '6d97fc1c45aadd156158ae620d4e9063') in 0.000 seconds [static dependencies only]. Details - ImportResultOutputID=6a1e9558592f56c3a927f63f01ac2d82 DependenciesID=e4be28247ad06f3cf69e0d78cc1e6ad9 StaticDependenciesID=f76048b68d8f653dfc613be29e7d3df1 
Importing 'GUID: 760601f3ccad5cc4bb7829b18ce80e59 - Path: Assets/Kevin Iglesias/Human Animations/Animations/Female/Movement/Jump' with importer (DefaultImporter)
Imported 'GUID: 760601f3ccad5cc4bb7829b18ce80e59' -> (Import Result ID: 'cf07e2be565f071d40b672cfd89a747a') in 0.000 seconds [static dependencies only]. Details - ImportResultOutputID=d2f5649b8912cf48127fae5523fd19e2 DependenciesID=d03c81e052388a02d29903731ff09cbc StaticDependenciesID=8ab16a1bad137b3e6426f6328f0a0e0b 
Importing 'GUID: 963ee8470a874de4b84d8db6f887cd34 - Path: Assets/Kevin Iglesias/Human Animations/Animations/Male/Movement/Jump' with importer (DefaultImporter)
Imported 'GUID: 963ee8470a874de4b84d8db6f887cd34' -> (Import Result ID: '4131d073355a01eb50adfc2b46867804') in 0.000 seconds [static dependencies only]. Details - ImportResultOutputID=e1f246981a6c0c8085912acd57b4d894 DependenciesID=63740e0cd22fdf8195c1cdc0afb3a3d5 StaticDependenciesID=36a468a4a180f600475db93871a4aed5 
Importing 'GUID: 8878cb0ce0b5b5646833d1a8d0830eb9 - Path: Assets/Kevin Iglesias/Human Animations/Animations/Female/Movement/Run' with importer (DefaultImporter)
Imported 'GUID: 8878cb0ce0b5b5646833d1a8d0830eb9' -> (Import Result ID: '2a8976d88ce6ca748d5998187150ab89') in 0.000 seconds [static dependencies only]. Details - ImportResultOutputID=01fc481071b2a463b2dfd044032c0d7f DependenciesID=da329a762fd15065d4a62e3a051ceb56 StaticDependenciesID=5f108a816078547124dbe484e7e15982 
Importing 'GUID: f9507c68eeb7d1d4c9cf86799a26832e - Path: Assets/Kevin Iglesias/Human Animations/Animations/Male/Social/Conversation' with importer (DefaultImporter)
Imported 'GUID: f9507c68eeb7d1d4c9cf86799a26832e' -> (Import Result ID: '3d31c157b1e756e4a7e548145b4405c6') in 0.000 seconds [static dependencies only]. Details - ImportResultOutputID=acb70bb2c4409d7a97ce61422b2563b7 DependenciesID=05135f6ab36c2721e4f0601ed96b7a7c StaticDependenciesID=c48035d26083537e6c3317e1637e1e1f 
Importing 'GUID: 7e50a1d6ada63d24fa1493414595aa20 - Path: Assets/Kevin Iglesias/Human Animations/Animations/Male/Movement/Sprint' with importer (DefaultImporter)
Imported 'GUID: 7e50a1d6ada63d24fa1493414595aa20' -> (Import Result ID: 'e5aa9760680271dd9c786ad5c33c50c2') in 0.000 seconds [static dependencies only]. Details - ImportResultOutputID=93596ba05a680f0915169e985ba926b7 DependenciesID=06c94808a866997a5f50c5c15eb9ae89 StaticDependenciesID=e43446f9a6917b1553b7e288c1e76e77 
Importing 'GUID: fef76271049cee74db99d4a4ab446955 - Path: Assets/Kevin Iglesias/Human Animations/Animations/Male/Movement/Turn' with importer (DefaultImporter)
Imported 'GUID: fef76271049cee74db99d4a4ab446955' -> (Import Result ID: '0f8a855818b57ec97852c1699875b4b8') in 0.000 seconds [static dependencies only]. Details - ImportResultOutputID=c1d335acd4914a1bb74ad5ce0128c84b DependenciesID=19d8d7e71537d47303349b0829d24501 StaticDependenciesID=eee80c6726c3db33331e56ce22f7d278 
Importing 'GUID: 11d274b4b5c082449a03eb98bce92189 - Path: Assets/Kevin Iglesias/Human Animations/Animations/Male/Movement/Walk/RootMotion' with importer (DefaultImporter)
Imported 'GUID: 11d274b4b5c082449a03eb98bce92189' -> (Import Result ID: 'd74afb92691e997daf29d9e5babbbeb7') in 0.000 seconds [static dependencies only]. Details - ImportResultOutputID=b6527ba4412319d72d394fa638f45f5e DependenciesID=511d4500422506cb96b1af268cdec9a7 StaticDependenciesID=5afddd217f8c4b66e43500c79e9e9c78 
Importing 'GUID: b30791e7b86b5fd459b5a1e7524a51ca - Path: Assets/Kevin Iglesias/Human Animations/Animations/Female/Movement/Run/RootMotion' with importer (DefaultImporter)
Imported 'GUID: b30791e7b86b5fd459b5a1e7524a51ca' -> (Import Result ID: 'ee90adea6f15dd9f938199f69f73c385') in 0.000 seconds [static dependencies only]. Details - ImportResultOutputID=03cc2b1887fde302d83f39ab37c3377b DependenciesID=29ab54157fdf87400e844db4e2614afc StaticDependenciesID=67ae76cd3a59b99b6c7fbeb5e07aa436 
Importing 'GUID: 89c28c6713f4e2447b5fdc6740e8232a - Path: Assets/Kevin Iglesias/Human Animations/Animations/Male/Movement/Sprint/RootMotion' with importer (DefaultImporter)
Imported 'GUID: 89c28c6713f4e2447b5fdc6740e8232a' -> (Import Result ID: '6e8cf8e141bdd1275122e9bb34d308e8') in 0.000 seconds [static dependencies only]. Details - ImportResultOutputID=ed8fcc2b0c2a58270cbfcc65dc74b464 DependenciesID=3bef59c2dc439d6938a34eb22ded0a44 StaticDependenciesID=ce5e80d258245155ccb6157c97abf9a9 
Importing 'GUID: faf05c90f228efb44879df1000fe028d - Path: Assets/Kevin Iglesias/Human Animations/Animations/Female/Movement/Walk/RootMotion' with importer (DefaultImporter)
Imported 'GUID: faf05c90f228efb44879df1000fe028d' -> (Import Result ID: '8739c577a01244c040d8e82a5a971b90') in 0.000 seconds [static dependencies only]. Details - ImportResultOutputID=9cc94711282f7fe768e648f36f84620c DependenciesID=e868f9eb39376613f6e52fb103c87eb6 StaticDependenciesID=85020e42a09a794ff8edf93bfc1c98a5 
Importing 'GUID: 5ca09be614981804ab3e7b144f0ac0fc - Path: Assets/Kevin Iglesias/Human Animations/Animations/Male/Movement/Run/RootMotion' with importer (DefaultImporter)
Imported 'GUID: 5ca09be614981804ab3e7b144f0ac0fc' -> (Import Result ID: '4f6b3fbbd5305549d43e72dc46afe558') in 0.000 seconds [static dependencies only]. Details - ImportResultOutputID=a43f7da0fe6f0766d422ad4559aa961a DependenciesID=b8aaa757da6cdef991f33e3165ceeca8 StaticDependenciesID=5253a96f9e2ee6e67ae8a27512c06fc8 
Importing 'GUID: bcdb509f068fd7542b32d60ce2a04255 - Path: Assets/Kevin Iglesias/Human Animations/Animations/Female/Movement/Sprint/RootMotion' with importer (DefaultImporter)
Imported 'GUID: bcdb509f068fd7542b32d60ce2a04255' -> (Import Result ID: '5c4e272bb756a7e633069d9a71315d4b') in 0.000 seconds [static dependencies only]. Details - ImportResultOutputID=f990ecad71ce9d417fd5d516cc8d845c DependenciesID=0f0a57afdae96dd34243c00da28eddbe StaticDependenciesID=ca2c611c1472b36b6ac3697094f42771 
Native extension for UWP target not found
Native extension for WindowsStandalone target not found
Native extension for WebGL target not found
[MODES] ModeService[none].Initialize
[MODES] ModeService[none].LoadModes
ScheduleIndexationOnStartup MainProcess:True IndexOnStartup:True
Scripting: successfully reloaded assembly
- Finished resetting the current domain, in  1.711 seconds
Domain Reload Profiling: 2674ms
	BeginReloadAssembly (561ms)
		DisableScriptedObjects (149ms)
		CreateAndSetChildDomain (227ms)
	RebuildCommonClasses (8ms)
	RebuildNativeTypeToScriptingClass (13ms)
	initialDomainReloadingComplete (53ms)
	LoadAllAssembliesAndSetupDomain (327ms)
		LoadAssemblies (123ms)
		TypeCache.Refresh (10ms)
		AnalyzeDomain (159ms)
			BuildScriptInfoCaches (137ms)
			ResolveRequiredComponents (20ms)
	FinalizeReload (1712ms)
		SetupLoadedEditorAssemblies (0ms)
			InitializePlatformSupportModulesInManaged (7ms)
			BeforeProcessingInitializeOnLoad (173ms)
			ProcessInitializeOnLoadAttributes (283ms)
			ProcessInitializeOnLoadMethodAttributes (104ms)
			AfterProcessingInitializeOnLoad (4ms)
		AwakeInstancesAfterBackupRestoration (690ms)
Importing 'GUID: 9fefcdfef4f1bde45bef8b66dd81e417 - Path: Assets/Kevin Iglesias/Human Animations/Human Basic Motions 2.4 FREE.pdf' with importer (DefaultImporter)
Imported 'GUID: 9fefcdfef4f1bde45bef8b66dd81e417' -> (Import Result ID: '225fd5c2e634a147913343b3ce9355d5') in 0.010 seconds [static dependencies only]. Details - ImportResultOutputID=0d5b8550ca4cb2db3ef86736dd31d534 DependenciesID=9cabc6301af1643db7fd72d35f8041f8 StaticDependenciesID=cd3389cb57436e2105220be4527728f2 
Importing 'GUID: 600f7cf1c6250e84687d018d42666742 - Path: Assets/Kevin Iglesias/Human Animations/Scripts/UpperBodyAnimations-SpineProxy.url' with importer (DefaultImporter)
Imported 'GUID: 600f7cf1c6250e84687d018d42666742' -> (Import Result ID: '802425cbfc652360b07f5252c8f9bdc1') in 0.007 seconds [static dependencies only]. Details - ImportResultOutputID=b3a7b14a1425a2cfb467205dcf6e28b9 DependenciesID=704dcffd035e367a698e3d0fa9fd5a83 StaticDependenciesID=2575de31100fbcd56f95c1fe4bbacdca 
Importing 'GUID: 1b131c154aa621d409658ba4ed1c84c3 - Path: Assets/Kevin Iglesias/Human Animations/Animations/HumanBasicMotionsFREE_BlenderFiles.zip' with importer (DefaultImporter)
Imported 'GUID: 1b131c154aa621d409658ba4ed1c84c3' -> (Import Result ID: '15c14d7ad39d86bf0c4afd56ccac35de') in 0.005 seconds [static dependencies only]. Details - ImportResultOutputID=32bed6019d5b5e3761493cfd26969d73 DependenciesID=75f05f7719e029879169c69fc8a3a6ab StaticDependenciesID=e99c3b4f37de0e52f916c373ec6ae68a 
Importing 'GUID: 5adc485d7fe4ae642890a72ce2d7ccfd - Path: Assets/Kevin Iglesias/Human Animations/Unity Demo Scenes/Human Basic Motions/Human Basic Motions FREE - Unity Demo Scene.unity' with importer (DefaultImporter)
Imported 'GUID: 5adc485d7fe4ae642890a72ce2d7ccfd' -> (Import Result ID: '45fdfbad4e5c4381db02d5ab41669038') in 0.001 seconds [static dependencies only]. Details - ImportResultOutputID=93dd911cdf2d4c7899d9124411d9f5a7 DependenciesID=a29ac658a8e2ce58773e0b9180123567 StaticDependenciesID=360302f92a1f6ecdb91de0d217f51167 
Importing 'GUID: 130afe1ea971137458b49086a23aea14 - Path: Assets/Kevin Iglesias/Human Animations/Unity Demo Scenes/Human Basic Motions/Textures/HumanBasicFloor.png' with importer (TextureImporter)
Imported 'GUID: 130afe1ea971137458b49086a23aea14' -> (Import Result ID: '094138ad9895ac4feca7ccbed3496c2a') in 0.015 seconds [static and dynamic dependencies]. Details - ImportResultOutputID=fc291110ef5259794d32c951108d2a33 DependenciesID=651301bb2a04958f680282db212ce308 StaticDependenciesID=cb592d79050396db0eb97eae1c2b8b96 
Importing 'GUID: 2c8e7f499d401414b8215275b03a4c66 - Path: Assets/Kevin Iglesias/Human Animations/Unity Demo Scenes/Human Basic Motions/Textures/HumanBasicMotions.png' with importer (TextureImporter)
Imported 'GUID: 2c8e7f499d401414b8215275b03a4c66' -> (Import Result ID: '1f0e651f9d86c2125b781f7d2e974492') in 0.002 seconds [static and dynamic dependencies]. Details - ImportResultOutputID=455def46e1944a3bdf995d6fcf6710a6 DependenciesID=5798f9eb767940f761dbf0cc50528803 StaticDependenciesID=09f28acff41281ae6a26b06f49e596e4 
Importing 'GUID: 2f6618ca4af94df49884ca327b3c36f6 - Path: Assets/Kevin Iglesias/Human Animations/Unity Demo Scenes/Human Basic Motions/Textures/HumanBasicMotionsShadow.png' with importer (TextureImporter)
Imported 'GUID: 2f6618ca4af94df49884ca327b3c36f6' -> (Import Result ID: 'f47cb428725bc2645c2742914df29222') in 0.020 seconds [static and dynamic dependencies]. Details - ImportResultOutputID=44393db5d05f4060b681c9685be9f0a8 DependenciesID=bcf050351fda80d7c6fc53d6e72f67e0 StaticDependenciesID=ea93e39255628b47adebe968d2ab1c8e 
Importing 'GUID: b2679f870b7bb124dbef598d6947bdea - Path: Assets/Kevin Iglesias/Human Animations/Unity Demo Scenes/Human Basic Motions/Shaders/HumanBasicMotionsScene.shader' with importer (ShaderImporter)
Imported 'GUID: b2679f870b7bb124dbef598d6947bdea' -> (Import Result ID: 'b1d5dafac914f9f8644a810270659270') in 0.007 seconds [static and dynamic dependencies]. Details - ImportResultOutputID=a81138b047e57b516099a72b8a52866b DependenciesID=c2fd9dbc192e72647d21e22c247e23e8 StaticDependenciesID=8cf8cfe078e7769ebf4ee74b8741b948 
Importing 'GUID: 5066fedfee3f6d04a8c9931c4ca8bc3b - Path: Assets/Kevin Iglesias/Human Animations/Unity Demo Scenes/Human Basic Motions/Materials/HumanBasicMotions_SceneBase.mat' with importer (NativeFormatImporter)
Imported 'GUID: 5066fedfee3f6d04a8c9931c4ca8bc3b' -> (Import Result ID: '23725f6e15a3f69d09a12d1f7b857c8b') in 0.002 seconds [static dependencies only]. Details - ImportResultOutputID=5c9dd8c4b4448c2a0cdcc639826cd848 DependenciesID=786b8dba959a99f1dea9449caea8e888 StaticDependenciesID=a8a8d5d41f8f10110fcc498e8887bacf 
Importing 'GUID: a1efc4df860a2fe4a8c3e44b28fd963e - Path: Assets/Kevin Iglesias/Human Animations/Models/Avatar Masks/Arms/Human Arm Right Mask.mask' with importer (NativeFormatImporter)
Imported 'GUID: a1efc4df860a2fe4a8c3e44b28fd963e' -> (Import Result ID: '594ea376844337a9b0e94974dafcecab') in 0.002 seconds [static dependencies only]. Details - ImportResultOutputID=08f9a2f08f04cf52215d08c34463b3a5 DependenciesID=877e1231335f1e140f94dd6847956b55 StaticDependenciesID=dc29207c2b41d2cdfb1daaa9a545cc49 
Importing 'GUID: 142a22760aae7114f82e9cfc781709d0 - Path: Assets/Kevin Iglesias/Human Animations/Models/Avatar Masks/Human Body Upper Mask.mask' with importer (NativeFormatImporter)
Imported 'GUID: 142a22760aae7114f82e9cfc781709d0' -> (Import Result ID: '55baee85be426af5371a5989f6be7f93') in 0.001 seconds [static dependencies only]. Details - ImportResultOutputID=1e2d240c4b10881b7ee3bda980087868 DependenciesID=342e085875c0f60b6a59aa11ce4606e6 StaticDependenciesID=04d6bd88b790064a995ba7c3ef719a82 
Importing 'GUID: 742dda8cea256e347a5e36860b12ce91 - Path: Assets/Kevin Iglesias/Human Animations/Models/Avatar Masks/Hands/Human Hand Right Mask.mask' with importer (NativeFormatImporter)
Imported 'GUID: 742dda8cea256e347a5e36860b12ce91' -> (Import Result ID: '35ec4a8d761c14487eec57424124d789') in 0.001 seconds [static dependencies only]. Details - ImportResultOutputID=4011bdf8093dc6c4253d1883ee297b3e DependenciesID=8233ae4065e7dea8410f9578330d04ed StaticDependenciesID=9325323ca911e0ef9552c7966de7a605 
Importing 'GUID: a6373b7536cc6fd4485ebc59e60dc4cc - Path: Assets/Kevin Iglesias/Human Animations/Models/Avatar Masks/Arms/Human Arms Mask.mask' with importer (NativeFormatImporter)
Imported 'GUID: a6373b7536cc6fd4485ebc59e60dc4cc' -> (Import Result ID: 'c2e55cc936a1a77b63903de5c50ae577') in 0.001 seconds [static dependencies only]. Details - ImportResultOutputID=5a15287f9843db5fff31043b89e3ef94 DependenciesID=8fa08fddf829fd9c592a5c2993246183 StaticDependenciesID=b818ca1a267216d0bf54cfcbfb061e2b 
Importing 'GUID: b7a9bc6acd2eaa941ab64d230864a316 - Path: Assets/Kevin Iglesias/Human Animations/Models/Avatar Masks/Hands/Human Hand Left Mask.mask' with importer (NativeFormatImporter)
Imported 'GUID: b7a9bc6acd2eaa941ab64d230864a316' -> (Import Result ID: 'fec7a66855d08f028273e53a29f1eec1') in 0.000 seconds [static dependencies only]. Details - ImportResultOutputID=6129c25afe9daf16b56ab40ef336cb9d DependenciesID=4800685f29ffb8084008b5746b838746 StaticDependenciesID=2cecbef622065a418b83cecf72921490 
Importing 'GUID: b8627446727d72449a87ae0e6a22174b - Path: Assets/Kevin Iglesias/Human Animations/Unity Demo Scenes/Human Basic Motions/Materials/HumanBasicMotions_SceneBaseSides.mat' with importer (NativeFormatImporter)
Imported 'GUID: b8627446727d72449a87ae0e6a22174b' -> (Import Result ID: 'a31268995d22168ea83d947da6b770ee') in 0.001 seconds [static dependencies only]. Details - ImportResultOutputID=1a4ed8357175ea401e82ea62d458f521 DependenciesID=49f4a045237bd0d822f2e7a2161e85cf StaticDependenciesID=108a9547576696128a5ca5eaada6aea7 
Importing 'GUID: b80aa9a3bdd9b764b9347846925ad3f0 - Path: Assets/Kevin Iglesias/Human Animations/Unity Demo Scenes/Human Basic Motions/Materials/HumanBasicMotions_SceneBackground.mat' with importer (NativeFormatImporter)
Imported 'GUID: b80aa9a3bdd9b764b9347846925ad3f0' -> (Import Result ID: '436f5034a940013f4ab777f0393f6cf4') in 0.001 seconds [static dependencies only]. Details - ImportResultOutputID=452d91863566832d8b9b88274e696ecc DependenciesID=aa17c90747611700b397896451c2555c StaticDependenciesID=f105ebdbd0c90c9281c34d5aa4c4f0c8 
Importing 'GUID: 69b447faf5895f1428a1131028d8893c - Path: Assets/Kevin Iglesias/Human Animations/Models/Avatar Masks/Hands/Human Hands Mask.mask' with importer (NativeFormatImporter)
Imported 'GUID: 69b447faf5895f1428a1131028d8893c' -> (Import Result ID: '30188efeebe4cf36d7cbbba3783653ed') in 0.001 seconds [static dependencies only]. Details - ImportResultOutputID=af3a5e6855297af2561f25e5c48d3394 DependenciesID=44aa4b2cde877413ec655eece394cc59 StaticDependenciesID=f2e660cb0f52a8098e9561c9cffdd92d 
Importing 'GUID: 89527f5525238ee44b3182458d85143a - Path: Assets/Kevin Iglesias/Human Animations/Models/Avatar Masks/Human Body Full Mask.mask' with importer (NativeFormatImporter)
Imported 'GUID: 89527f5525238ee44b3182458d85143a' -> (Import Result ID: '98e9f487574df17eb9663325f85cdb90') in 0.001 seconds [static dependencies only]. Details - ImportResultOutputID=968954645053e2fd425f995e6f477096 DependenciesID=0c1c2700230edf393c074a854fa8579e StaticDependenciesID=44e666f573f949f3b974ced58f87fb0e 
Importing 'GUID: cba496d351611c54494800debaf419f7 - Path: Assets/Kevin Iglesias/Human Animations/Models/Avatar Masks/Human Head Mask.mask' with importer (NativeFormatImporter)
Imported 'GUID: cba496d351611c54494800debaf419f7' -> (Import Result ID: '5d0cc8915410ca92ec262002921cb873') in 0.000 seconds [static dependencies only]. Details - ImportResultOutputID=f86f4c5e62beb0f707f77e5238851bd4 DependenciesID=8a9aeb5c3598a3f70b5bb59b47a9935f StaticDependenciesID=5712de5b2acc4e00564d76ab89b47651 
Importing 'GUID: 3c01d1ed15a1c0f49b77151cfdaa3e8d - Path: Assets/Kevin Iglesias/Human Animations/Models/Avatar Masks/Arms/Human Arm Left Mask.mask' with importer (NativeFormatImporter)
Imported 'GUID: 3c01d1ed15a1c0f49b77151cfdaa3e8d' -> (Import Result ID: '332a437d0486eee82b87390aeee6501a') in 0.000 seconds [static dependencies only]. Details - ImportResultOutputID=49f76a3e77c76e9a319fd02d1f2eabe5 DependenciesID=9043569969a42108bae0c39fbf9a171b StaticDependenciesID=f58b8ca1ec294b68e54c7223ed101708 
Importing 'GUID: ce54d9f3bc9c6f54a925b28db7f669c6 - Path: Assets/Kevin Iglesias/Human Animations/Unity Demo Scenes/Human Basic Motions/Materials/HumanBasicMotions_SceneChair.mat' with importer (NativeFormatImporter)
Imported 'GUID: ce54d9f3bc9c6f54a925b28db7f669c6' -> (Import Result ID: '35fc3446d236056e3f563a57e3e6c69e') in 0.001 seconds [static dependencies only]. Details - ImportResultOutputID=c6b3c582f83121c32cf5987d5cd4ecb2 DependenciesID=cc81cbdaedb14aaf81597abc3964ab36 StaticDependenciesID=b0daa07bcad0c71ab78ef8a964f91ddc 
Importing 'GUID: df81ddc38bae7e945a835735059fe898 - Path: Assets/Kevin Iglesias/Human Animations/Unity Demo Scenes/Human Basic Motions/Materials/HumanBasicMotions_SceneDummy.mat' with importer (NativeFormatImporter)
Imported 'GUID: df81ddc38bae7e945a835735059fe898' -> (Import Result ID: '545c099c4c3beb5886be455e1a1c19e0') in 0.001 seconds [static dependencies only]. Details - ImportResultOutputID=07555368d6ed7ee8bdf1355575d9236f DependenciesID=05af1b60d3c21192a41b8eb35039a5fa StaticDependenciesID=694ff7f401e6c7cf817c8ddc7cdbd49d 
Importing 'GUID: 1067eff693e77f143bc9982fef2aa0a1 - Path: Assets/Kevin Iglesias/Human Animations/Animations/Female/Movement/Run/HumanF@Run01_BackwardRight.fbx' with importer (FBXImporter)
Imported 'GUID: 1067eff693e77f143bc9982fef2aa0a1' -> (Import Result ID: '8fe441446b4820aae1586bfd3b809e5c') in 0.060 seconds [static dependencies only]. Details - ImportResultOutputID=bf357a04e48a8baca087d29b274d9e38 DependenciesID=7508cc60f037343f0feb2d8f8d9eeab3 StaticDependenciesID=e9df07d747665c9d34250f75ce4fa360 
Importing 'GUID: 10772571bbe13c84bb9245af6e5e0e77 - Path: Assets/Kevin Iglesias/Human Animations/Animations/Male/Movement/Walk/RootMotion/HumanM@Walk01_Right [RM].fbx' with importer (FBXImporter)
Imported 'GUID: 10772571bbe13c84bb9245af6e5e0e77' -> (Import Result ID: '0ae4ff03425e307965180ee4575dc8bb') in 0.033 seconds [static dependencies only]. Details - ImportResultOutputID=66a9ed5614fec2f4b3c64e8b612aa0b1 DependenciesID=61ece26b752ec1807eff37c6656fefe9 StaticDependenciesID=e59895312d61a1f086418b0953a0d23f 
Importing 'GUID: 2035f8d45874b4e47a2c15ea2fa026fb - Path: Assets/Kevin Iglesias/Human Animations/Animations/Male/Movement/Jump/HumanM@Jump01.fbx' with importer (FBXImporter)
Imported 'GUID: 2035f8d45874b4e47a2c15ea2fa026fb' -> (Import Result ID: '1643eaf3d232e3d7448f38002599431c') in 0.034 seconds [static dependencies only]. Details - ImportResultOutputID=8ea67b7eaad156024dd3dfa5bf660c56 DependenciesID=7bf6ed295748c132e9214724550dd20a StaticDependenciesID=693e2973af82947fad4b993baf6d91e9 
Importing 'GUID: 40786e67f3ceb094b9c00543f295cb5f - Path: Assets/Kevin Iglesias/Human Animations/Animations/Female/Movement/Run/HumanF@Run01_Forward.fbx' with importer (FBXImporter)
Imported 'GUID: 40786e67f3ceb094b9c00543f295cb5f' -> (Import Result ID: 'c21c3fd7f9476702ec5e86f4e71d99a6') in 0.033 seconds [static dependencies only]. Details - ImportResultOutputID=af4f8ba024a0bdba9ef25fb250b26104 DependenciesID=083f46f5c7d7c15dc85fce024703df02 StaticDependenciesID=6c681b71068ad98446372606c61d2a1c 
Importing 'GUID: 5088dccb2ba6bc8478f1dc0919d3e8cd - Path: Assets/Kevin Iglesias/Human Animations/Animations/Female/Movement/Run/HumanF@Run01_ForwardRight.fbx' with importer (FBXImporter)
Imported 'GUID: 5088dccb2ba6bc8478f1dc0919d3e8cd' -> (Import Result ID: 'fa68d5974237d9d33d9c110d6bef9e54') in 0.034 seconds [static dependencies only]. Details - ImportResultOutputID=3b3ee00bee0a6554f64332d56794e2c7 DependenciesID=f9873e7952d9264e12a5b4b8ec94f629 StaticDependenciesID=1c233a54c700d886107df35c34607496 
Importing 'GUID: 70a2ad9ea5ea5cb49ab388ad93a00d27 - Path: Assets/Kevin Iglesias/Human Animations/Animations/Female/Movement/Walk/HumanF@Walk01_Right.fbx' with importer (FBXImporter)
Imported 'GUID: 70a2ad9ea5ea5cb49ab388ad93a00d27' -> (Import Result ID: 'f8c0ea35c4ceae5a644a9ccc6c06e5c0') in 0.035 seconds [static dependencies only]. Details - ImportResultOutputID=9f638781a12d1d8a23fdae4936d3592f DependenciesID=d7252301724c42777319448f3f476ac5 StaticDependenciesID=4b425fac47d3ea0d78db74b6ea2ceb8b 
Importing 'GUID: c0a52d9cd6720ec40813f0232613e371 - Path: Assets/Kevin Iglesias/Human Animations/Animations/Female/Movement/Sprint/HumanF@Sprint01_Left.fbx' with importer (FBXImporter)
Imported 'GUID: c0a52d9cd6720ec40813f0232613e371' -> (Import Result ID: '084a77c232b8b721abe72d01345556c3') in 0.033 seconds [static dependencies only]. Details - ImportResultOutputID=9976b00cd03849502e3787a6b24c9828 DependenciesID=508e17316e7ddb02f944346f6e62c62f StaticDependenciesID=f1938b8760e877bdb86a1ecc853f368c 
Importing 'GUID: d0d93c131bda12e4bb9798ea4aefb6cb - Path: Assets/Kevin Iglesias/Human Animations/Animations/Female/Movement/Jump/HumanF@Jump01.fbx' with importer (FBXImporter)
Imported 'GUID: d0d93c131bda12e4bb9798ea4aefb6cb' -> (Import Result ID: '3ff6da466e31be4a3a60be8abba302d6') in 0.035 seconds [static dependencies only]. Details - ImportResultOutputID=72221f47e8df40c5d9f7ecda90ef682c DependenciesID=f9ce332ab0cbcacc92979c3c326dfff0 StaticDependenciesID=a9dc97619c4733c54a001c9789c39e12 
Importing 'GUID: d06bf066b1472584b83fa33f98d3499e - Path: Assets/Kevin Iglesias/Human Animations/Animations/Male/Movement/Sprint/RootMotion/HumanM@Sprint01_ForwardLeft [RM].fbx' with importer (FBXImporter)
Imported 'GUID: d06bf066b1472584b83fa33f98d3499e' -> (Import Result ID: '832ae05c182f4e64e051858f940fe853') in 0.032 seconds [static dependencies only]. Details - ImportResultOutputID=bd8ce36e7591cea9b40629a77505ffec DependenciesID=b0bed8b0dd5e772fefdc1a8ce46df6a2 StaticDependenciesID=73831e306930bcf767fa1921f8664637 
Importing 'GUID: 11d5093c8a733f64099488183b5e3f9a - Path: Assets/Kevin Iglesias/Human Animations/Animations/Female/Movement/Walk/HumanF@Walk01_BackwardRight.fbx' with importer (FBXImporter)
Imported 'GUID: 11d5093c8a733f64099488183b5e3f9a' -> (Import Result ID: '775ba42e3b8d1e230d77ffea2b4f5766') in 0.034 seconds [static dependencies only]. Details - ImportResultOutputID=110eed693b8ed45dba6be44931999557 DependenciesID=d7fa172436a6367d3ae2f12a6557b272 StaticDependenciesID=dcd7c04bd966924e952a0ec8992c94c7 
Importing 'GUID: 31116f689ea4d374593385937d990c7c - Path: Assets/Kevin Iglesias/Human Animations/Animations/Male/Movement/Run/RootMotion/HumanM@Run01_Backward [RM].fbx' with importer (FBXImporter)
Imported 'GUID: 31116f689ea4d374593385937d990c7c' -> (Import Result ID: '50e5c8d05e0ec27b772c5393418f2113') in 0.033 seconds [static dependencies only]. Details - ImportResultOutputID=3e7d6b7fcb60fb55996c74e78961ec73 DependenciesID=ff99ba2918c92b039a4e5cb49b995a2b StaticDependenciesID=b6710d8bb5be2e574b8ddb1dd6b69e29 
Importing 'GUID: 31b250fe2fe55ed4c8daa545b042f886 - Path: Assets/Kevin Iglesias/Human Animations/Animations/Female/Movement/Sprint/HumanF@Sprint01_Right.fbx' with importer (FBXImporter)
Imported 'GUID: 31b250fe2fe55ed4c8daa545b042f886' -> (Import Result ID: '62b328b9a78701c78baaaf40491bed06') in 0.034 seconds [static dependencies only]. Details - ImportResultOutputID=0efdafea6587949bdbba018079a71b16 DependenciesID=8c6ee2eaddb0ab9c21a197568c0d7d92 StaticDependenciesID=48a7494927bfe72a9998500dee7b1da0 
Importing 'GUID: 51df1b7fbbe387f48a57bce2e93100b7 - Path: Assets/Kevin Iglesias/Human Animations/Animations/Female/Movement/Walk/RootMotion/HumanF@Walk01_ForwardLeft [RM].fbx' with importer (FBXImporter)
Imported 'GUID: 51df1b7fbbe387f48a57bce2e93100b7' -> (Import Result ID: '0489cfb18c06c16c42940b9b121d58de') in 0.035 seconds [static dependencies only]. Details - ImportResultOutputID=0d87a68eee1bd84a1d3ca8d2df858d95 DependenciesID=f544f393bbc73eda7886595325612d6a StaticDependenciesID=508e5fca7806a31a28c7e114e3725414 
Importing 'GUID: 81d028f9ab5659b4c9e31d07fe9e3733 - Path: Assets/Kevin Iglesias/Human Animations/Animations/Male/Movement/Walk/RootMotion/HumanM@Walk01_BackwardLeft [RM].fbx' with importer (FBXImporter)
Imported 'GUID: 81d028f9ab5659b4c9e31d07fe9e3733' -> (Import Result ID: '876c2a8e2e6e2b60ab20436e81499cf3') in 0.035 seconds [static dependencies only]. Details - ImportResultOutputID=8fb3a694a1baa63e597cda7ccaf06648 DependenciesID=850db713d35f73ce511b528d9cb3a4fe StaticDependenciesID=031d8007238646d57f5684025c12671b 
Importing 'GUID: b1844fbe628f5bf4ab29e6c68912a708 - Path: Assets/Kevin Iglesias/Human Animations/Animations/Male/Movement/Jump/HumanM@Jump01 - Begin.fbx' with importer (FBXImporter)
Imported 'GUID: b1844fbe628f5bf4ab29e6c68912a708' -> (Import Result ID: '12398b186d852ccdeb5b21103b05d9d9') in 0.034 seconds [static dependencies only]. Details - ImportResultOutputID=6eaaa4c168ea2e901c8b287858c9a7ed DependenciesID=ef013a997b127f46d39eb4f339c9f94b StaticDependenciesID=dc85c6bc60c1d8b36d87f8f0dbb120ba 
Importing 'GUID: c133e3c197c12e04a9dd23bd0966910f - Path: Assets/Kevin Iglesias/Human Animations/Animations/Male/Movement/Walk/HumanM@Walk01_Forward.fbx' with importer (FBXImporter)
Imported 'GUID: c133e3c197c12e04a9dd23bd0966910f' -> (Import Result ID: '5b6e4630e98269d27616d46ad39e9381') in 0.036 seconds [static dependencies only]. Details - ImportResultOutputID=3eb4df05d735591c6213ac53f2573aed DependenciesID=47759badb6b21742cb5bdaacf68e9f3e StaticDependenciesID=0566259291b007194b6acf57eae441f1 
Importing 'GUID: f1f1135ca9cfa8c47bf81718bb0d6873 - Path: Assets/Kevin Iglesias/Human Animations/Animations/Male/Movement/Walk/HumanM@Walk01_Backward.fbx' with importer (FBXImporter)
Imported 'GUID: f1f1135ca9cfa8c47bf81718bb0d6873' -> (Import Result ID: 'ff4c18c91c87ae921f91092431e8ccc1') in 0.033 seconds [static dependencies only]. Details - ImportResultOutputID=dd6c4cc97ef5f01c1091054c4ef44108 DependenciesID=7560266beff5a9bbf21331fc3f9108a3 StaticDependenciesID=b67c53ef15f1da76417ae3a2f11f5f79 
Importing 'GUID: f194a505473e7aa469db0682217fa7f8 - Path: Assets/Kevin Iglesias/Human Animations/Animations/Male/Movement/Sprint/HumanM@Sprint01_Left.fbx' with importer (FBXImporter)
Imported 'GUID: f194a505473e7aa469db0682217fa7f8' -> (Import Result ID: '2d9240b8a236f98b7c44a0fb8149c7be') in 0.033 seconds [static dependencies only]. Details - ImportResultOutputID=2152ab57d5fdab0db8125eae63093605 DependenciesID=222619ed30fa179e681a1aa2e49960e8 StaticDependenciesID=04d7745ee60eed0ce2eb38e163bed1d8 
Importing 'GUID: f1c72df816110fc4394d0e781c72bc31 - Path: Assets/Kevin Iglesias/Human Animations/Animations/Male/Movement/Sprint/HumanM@Sprint01_ForwardLeft.fbx' with importer (FBXImporter)
Imported 'GUID: f1c72df816110fc4394d0e781c72bc31' -> (Import Result ID: 'ae865bb5d8b8a4263f12e5d63f556ee1') in 0.032 seconds [static dependencies only]. Details - ImportResultOutputID=c984af7dfef7fd25f143ccbbe496559d DependenciesID=e4dd3df91f99f2e823d5398d0c7e3360 StaticDependenciesID=713a036b2a2c10a38ec0f3c121f8e40b 
Importing 'GUID: f19b58f90d2ec3f409b2fd86a79e7cc3 - Path: Assets/Kevin Iglesias/Human Animations/Animations/Female/Movement/Sprint/HumanF@Sprint01_Forward.fbx' with importer (FBXImporter)
Imported 'GUID: f19b58f90d2ec3f409b2fd86a79e7cc3' -> (Import Result ID: '8ae1977a3467b8e10b42c5bca24f362c') in 0.031 seconds [static dependencies only]. Details - ImportResultOutputID=3d6212388f2a933357ae4cd25c0d0718 DependenciesID=6be9b9be35ad9bd2b7b67925b436462b StaticDependenciesID=aa233b0be4dc9ae3a96afdbd57b8c28a 
Importing 'GUID: 02f82df7d301d274883b41f32dca59a0 - Path: Assets/Kevin Iglesias/Human Animations/Animations/Male/Idles/HumanM@Idle01-Idle02.fbx' with importer (FBXImporter)
Imported 'GUID: 02f82df7d301d274883b41f32dca59a0' -> (Import Result ID: 'c4a83817a7c00cdbd950265d1fbdb5b3') in 0.034 seconds [static dependencies only]. Details - ImportResultOutputID=ff88508c21e0c3121a01c6b336064f04 DependenciesID=c3d46a8a5a246517f0b01c88b4338ea8 StaticDependenciesID=2f0b5f8db7aad6117c5ee051416ca096 
Importing 'GUID: 02fe127be7c987640bef36b78efaf2cf - Path: Assets/Kevin Iglesias/Human Animations/Animations/Male/Movement/Run/HumanM@Run01_BackwardLeft.fbx' with importer (FBXImporter)
Imported 'GUID: 02fe127be7c987640bef36b78efaf2cf' -> (Import Result ID: '4c86d44a53c7114a293b1e7dc67ae4a9') in 0.032 seconds [static dependencies only]. Details - ImportResultOutputID=978d12f92eae2b659e7687e6b416d26c DependenciesID=fa46e1c8e846c16bb876e4c551532e12 StaticDependenciesID=fa9d8087d410ebecbf6e45aad58979d3 
Importing 'GUID: 5277e5180e302184fb73653674a14c85 - Path: Assets/Kevin Iglesias/Human Animations/Animations/Male/Social/Conversation/HumanM@Talk01.fbx' with importer (FBXImporter)
Imported 'GUID: 5277e5180e302184fb73653674a14c85' -> (Import Result ID: 'c97fd2c4daadfae59e56310654437cf6') in 0.037 seconds [static dependencies only]. Details - ImportResultOutputID=f4039ec096892fcafd9779bc7dd532f5 DependenciesID=c3e2d79c6424bb10b7f929ce25cf8273 StaticDependenciesID=bdb2f6680650efb0cd6386d5aa60d2c6 
Importing 'GUID: 62f242d2f9358a8429c9ea16bfc70c60 - Path: Assets/Kevin Iglesias/Human Animations/Animations/Female/Movement/Sprint/HumanF@Sprint01_ForwardLeft.fbx' with importer (FBXImporter)
Imported 'GUID: 62f242d2f9358a8429c9ea16bfc70c60' -> (Import Result ID: 'f68aedd6d7378393ea30b067925be7f9') in 0.032 seconds [static dependencies only]. Details - ImportResultOutputID=f253d7d47f21781a9697345a633bc921 DependenciesID=a444ddbfb4874862a15e953d9d835343 StaticDependenciesID=01e36f545f0ab7147942c100ca10c5cf 
Importing 'GUID: 8296dab082eb77948ab45344c6a09bcd - Path: Assets/Kevin Iglesias/Human Animations/Animations/Male/Movement/Turn/HumanM@Turn01_Right [RM].fbx' with importer (FBXImporter)
Imported 'GUID: 8296dab082eb77948ab45344c6a09bcd' -> (Import Result ID: 'c09f36f99f4f1491898a4286905141fe') in 0.034 seconds [static dependencies only]. Details - ImportResultOutputID=1d7c700d006aa18e0b3b598d7306a05b DependenciesID=c26cea140b392fc30b32c3b6c7bb2e4c StaticDependenciesID=38fc718f4ca5974a4a27a5b3f61da12a 
Importing 'GUID: 82bf8a2b215c9d7408d4dcf081f8f622 - Path: Assets/Kevin Iglesias/Human Animations/Animations/Female/Movement/Sprint/RootMotion/HumanF@Sprint01_ForwardRight [RM].fbx' with importer (FBXImporter)
Imported 'GUID: 82bf8a2b215c9d7408d4dcf081f8f622' -> (Import Result ID: 'f3b00baa9c75d979a012c46c97dc0f29') in 0.033 seconds [static dependencies only]. Details - ImportResultOutputID=649c1b0f8db0077d80b587933003690d DependenciesID=464da13ddd4d705ef71937c34508e498 StaticDependenciesID=56a90f2787124a3f41c3494b652c3c44 
Importing 'GUID: 9259db9271971e54ab8991d4aa53aae2 - Path: Assets/Kevin Iglesias/Human Animations/Animations/Male/Movement/Walk/RootMotion/HumanM@Walk01_Forward [RM].fbx' with importer (FBXImporter)
Imported 'GUID: 9259db9271971e54ab8991d4aa53aae2' -> (Import Result ID: '51693979a25f8b7a71aea09874db3e64') in 0.034 seconds [static dependencies only]. Details - ImportResultOutputID=d12032fcde7cbd1ee81e4d2abfdbd89e DependenciesID=2eb6f84c2a4985a6f4b01be54bc702b1 StaticDependenciesID=0fd72391ada29daf63899f1b5b8133e7 
Importing 'GUID: e23ec565e5d40ad4d94e0af6010f22c8 - Path: Assets/Kevin Iglesias/Human Animations/Animations/Male/Idles/HumanM@Idle02-Idle01.fbx' with importer (FBXImporter)
Imported 'GUID: e23ec565e5d40ad4d94e0af6010f22c8' -> (Import Result ID: 'b219752e7639c661cb901dc5614c2b38') in 0.034 seconds [static dependencies only]. Details - ImportResultOutputID=bb0cb55ec4903a00a858f0876ed7e6ca DependenciesID=6a82f7a64c93d670072e0c91898ba2e4 StaticDependenciesID=13ae1233fb6cb024ddf5553df3789136 
Importing 'GUID: f2713866a3b7c484eb322653260adc9c - Path: Assets/Kevin Iglesias/Human Animations/Animations/Male/Movement/Sprint/RootMotion/HumanM@Sprint01_ForwardRight [RM].fbx' with importer (FBXImporter)
Imported 'GUID: f2713866a3b7c484eb322653260adc9c' -> (Import Result ID: '38b5279ff1f7e210be09f7d95d3aa557') in 0.034 seconds [static dependencies only]. Details - ImportResultOutputID=adacb0074f1f2aaef112e5faa821d3e5 DependenciesID=14790126ddab0a2952f3d3fc453a92dc StaticDependenciesID=c623fded82a988301921feb55e001081 
Importing 'GUID: 13a7a8b93b87c984dbd8e0556bfebd96 - Path: Assets/Kevin Iglesias/Human Animations/Animations/Female/Movement/Run/RootMotion/HumanF@Run01_ForwardRight [RM].fbx' with importer (FBXImporter)
Imported 'GUID: 13a7a8b93b87c984dbd8e0556bfebd96' -> (Import Result ID: '1340d9349ea208c64623045e82c93bfa') in 0.036 seconds [static dependencies only]. Details - ImportResultOutputID=9914ef4e963396e13d6c39b606446487 DependenciesID=ad7e463f43dd3f671cdf1c0a60c5eaa4 StaticDependenciesID=43e3204bde8a11e2fdacb6496b1a35cc 
Importing 'GUID: 33332cc79a8e983428d3ba32af4c8997 - Path: Assets/Kevin Iglesias/Human Animations/Animations/Female/Movement/Jump/HumanF@Jump01 [RM].fbx' with importer (FBXImporter)
Imported 'GUID: 33332cc79a8e983428d3ba32af4c8997' -> (Import Result ID: '7534a77a45dca2596675e76dea637746') in 0.035 seconds [static dependencies only]. Details - ImportResultOutputID=6e0b5cede63fceb7ab800bf9c0f00614 DependenciesID=21eb5ce8e48d32876c1af04f497cf8ca StaticDependenciesID=a518129f516bacc64437b94d194e6c28 
Importing 'GUID: 435a4728904deaf41a2ea8928e6c2c35 - Path: Assets/Kevin Iglesias/Human Animations/Animations/Female/Movement/Run/HumanF@Run01_Left.fbx' with importer (FBXImporter)
Imported 'GUID: 435a4728904deaf41a2ea8928e6c2c35' -> (Import Result ID: 'afe71a52b69e0a623743fe44f63b1406') in 0.033 seconds [static dependencies only]. Details - ImportResultOutputID=3404a65026fc8502ac5d0dc95d4de9b6 DependenciesID=011a2207d3572f3366ba6ff3720d23a7 StaticDependenciesID=d01dfd46342f8e4b7a2997136c62218b 
Importing 'GUID: 53186c660ca35254cb302f56f055063e - Path: Assets/Kevin Iglesias/Human Animations/Animations/Male/Movement/Jump/HumanM@Jump01 [RM] - Begin.fbx' with importer (FBXImporter)
Imported 'GUID: 53186c660ca35254cb302f56f055063e' -> (Import Result ID: '47683588a25a6565892a51453c144a0c') in 0.032 seconds [static dependencies only]. Details - ImportResultOutputID=9ba4a7ae0334bef47a528b6c9767cc4f DependenciesID=5929f1e81433b67f44c4ed3c64cfbf39 StaticDependenciesID=f2ed5d07bb5817da855f15800f5ad985 
Importing 'GUID: 5399e89e69e4ef2468a17b7975d02bd9 - Path: Assets/Kevin Iglesias/Human Animations/Animations/Female/Movement/Walk/RootMotion/HumanF@Walk01_BackwardRight [RM].fbx' with importer (FBXImporter)
Imported 'GUID: 5399e89e69e4ef2468a17b7975d02bd9' -> (Import Result ID: 'cdb48401af2ab57b5618e48a34954eb5') in 0.032 seconds [static dependencies only]. Details - ImportResultOutputID=b710cda55ffc0237a10e2d74c81e9346 DependenciesID=c6381c471de3768ddcf3c5cf3cfae3d0 StaticDependenciesID=57c1db3b0b133b559d6ce28057905c52 
Importing 'GUID: 73f1e892de373654ea6e3fff3ca15f76 - Path: Assets/Kevin Iglesias/Human Animations/Animations/Female/Movement/Jump/HumanF@Fall01.fbx' with importer (FBXImporter)
Imported 'GUID: 73f1e892de373654ea6e3fff3ca15f76' -> (Import Result ID: '01bde53b5d2a307282c8ae0a3f71e7bf') in 0.033 seconds [static dependencies only]. Details - ImportResultOutputID=d9c37ebbfa3601f9b3fb381984efacbe DependenciesID=0b0957ede4e56f1fa1f27d6f063b1ccc StaticDependenciesID=eba4f42d1b1c49d60eb7e2cb2ae6f6f2 
Importing 'GUID: 836229ad8a6407d49a58a3b3fab59d53 - Path: Assets/Kevin Iglesias/Human Animations/Animations/Female/Movement/Walk/RootMotion/HumanF@Walk01_Forward [RM].fbx' with importer (FBXImporter)
Imported 'GUID: 836229ad8a6407d49a58a3b3fab59d53' -> (Import Result ID: 'fd1d624edcb0b143b13d59be332013b7') in 0.033 seconds [static dependencies only]. Details - ImportResultOutputID=23a2c6bff1a2f677b7a36d2db4c834b1 DependenciesID=ddb4824e7eaa85f87df05246e4fbf526 StaticDependenciesID=b1516fc1274e279f1576ca36ce53a78c 
Importing 'GUID: 837c8bc570ba0e24e9f7110924f142df - Path: Assets/Kevin Iglesias/Human Animations/Animations/Female/Movement/Sprint/RootMotion/HumanF@Sprint01_Left [RM].fbx' with importer (FBXImporter)
Imported 'GUID: 837c8bc570ba0e24e9f7110924f142df' -> (Import Result ID: '5ece57c963f5fad3b23c2fea12536d2a') in 0.032 seconds [static dependencies only]. Details - ImportResultOutputID=786f69be608ac5e75bffbc9ef0340907 DependenciesID=ce6e3b15fc6792808cae446e1c0376b8 StaticDependenciesID=cd12211649442c54d719803962ce4532 
Importing 'GUID: c337eaab751341e43ac0ba1c83ead291 - Path: Assets/Kevin Iglesias/Human Animations/Animations/Male/Movement/Jump/HumanM@Jump01 [RM].fbx' with importer (FBXImporter)
Imported 'GUID: c337eaab751341e43ac0ba1c83ead291' -> (Import Result ID: '189abad45e633af78a5a67e16d993137') in 0.035 seconds [static dependencies only]. Details - ImportResultOutputID=2eec9c24a31c6711cf88f6c61c79d379 DependenciesID=e9c8ee375398af67aedd0703cf8f106f StaticDependenciesID=3fca73b25b325b09e5e4b9797ed4fdca 
Importing 'GUID: f3894581926850a43be23e43d5465af5 - Path: Assets/Kevin Iglesias/Human Animations/Animations/Female/Idles/HumanF@Idle01-Idle02.fbx' with importer (FBXImporter)
Imported 'GUID: f3894581926850a43be23e43d5465af5' -> (Import Result ID: 'ff35f8809fa8685e7ae87806f0f62bd4') in 0.033 seconds [static dependencies only]. Details - ImportResultOutputID=b31e74460f84c7dee9347592c4f10d63 DependenciesID=61f64063cf886ce9dd26ca948817abd6 StaticDependenciesID=c5b04a4b4aee0b7e8875a1933bb5c120 
Importing 'GUID: 1455f282db7117d419994bb5c5f3acc2 - Path: Assets/Kevin Iglesias/Human Animations/Animations/Male/Movement/Jump/HumanM@Fall01.fbx' with importer (FBXImporter)
Imported 'GUID: 1455f282db7117d419994bb5c5f3acc2' -> (Import Result ID: 'faa364f3b9c83f7a885a22d3e1ddfb79') in 0.034 seconds [static dependencies only]. Details - ImportResultOutputID=2983d43abeb812296554e751b901056a DependenciesID=9a9fb99d14c6885230a1268162e172b7 StaticDependenciesID=c6f8f31d8ebadb1b7159bfc5d6017b7a 
Importing 'GUID: 24b1b054ed689e44ba553f9841ebca06 - Path: Assets/Kevin Iglesias/Human Animations/Animations/Female/Idles/HumanF@Idle02.fbx' with importer (FBXImporter)
Imported 'GUID: 24b1b054ed689e44ba553f9841ebca06' -> (Import Result ID: '4af2aa7e65d0bb2261ac6c253a9c2173') in 0.038 seconds [static dependencies only]. Details - ImportResultOutputID=0a1db5396c1ad7b1db3b01b96f1f8d85 DependenciesID=78ebd96f8dbfb7b43f7b61a8e35f831f StaticDependenciesID=292eb9d031e3d156cc7c256339e61bfa 
Importing 'GUID: 74a8e870fd625914099b99d4caa5bf0b - Path: Assets/Kevin Iglesias/Human Animations/Animations/Male/Movement/Turn/HumanM@Turn01_Left [RM].fbx' with importer (FBXImporter)
Imported 'GUID: 74a8e870fd625914099b99d4caa5bf0b' -> (Import Result ID: 'a6aee759e45a3d28db00dffc577ce5d6') in 0.033 seconds [static dependencies only]. Details - ImportResultOutputID=a157cc4956bdf9a3111fb3ab1dfb949b DependenciesID=10769370d0892f680f59f9be4e65383f StaticDependenciesID=a53b1617190dac0c439ec23d2843e445 
Importing 'GUID: 846fff649819bcf49b933d00ef6f703f - Path: Assets/Kevin Iglesias/Human Animations/Animations/Male/Movement/Run/HumanM@Run01_Right.fbx' with importer (FBXImporter)
Imported 'GUID: 846fff649819bcf49b933d00ef6f703f' -> (Import Result ID: 'e5ed6a0dfbd469a17379b42250c290da') in 0.032 seconds [static dependencies only]. Details - ImportResultOutputID=c8a7e60f839fac2de486f5a2b1a91fa0 DependenciesID=2ae12b308a8b6d8b343bd135f506f373 StaticDependenciesID=8369100ea83b906fb02af43cce4c1671 
Importing 'GUID: b4ae722a24b2a8d4b98cbe5ddda51e41 - Path: Assets/Kevin Iglesias/Human Animations/Animations/Female/Movement/Turn/HumanF@Turn01_Right.fbx' with importer (FBXImporter)
Imported 'GUID: b4ae722a24b2a8d4b98cbe5ddda51e41' -> (Import Result ID: 'fb34059d3c8f2df64e20a467812826b2') in 0.033 seconds [static dependencies only]. Details - ImportResultOutputID=9dfc28b26d1a392484ad724a9c0d4ae3 DependenciesID=f897bc5c9f96cc551b151dd7a6c49804 StaticDependenciesID=268ee595f00e4af9dfb5f477bc0407f7 
Importing 'GUID: d4ad07e9a02ec4241a5110960579fb59 - Path: Assets/Kevin Iglesias/Human Animations/Animations/Male/Movement/Run/RootMotion/HumanM@Run01_BackwardLeft [RM].fbx' with importer (FBXImporter)
Imported 'GUID: d4ad07e9a02ec4241a5110960579fb59' -> (Import Result ID: '7b0876ec5e7a3f85646b6a4c0b8cc03d') in 0.032 seconds [static dependencies only]. Details - ImportResultOutputID=0ea694c46b9cc232e60ee37c360f9518 DependenciesID=064532cabd30de53c5f02713be63fdae StaticDependenciesID=f00569938616efe049ea129cc1076603 
Importing 'GUID: e4554e344c29aeb4087271d927e625f2 - Path: Assets/Kevin Iglesias/Human Animations/Animations/Female/Movement/Run/HumanF@Run01_Right.fbx' with importer (FBXImporter)
Imported 'GUID: e4554e344c29aeb4087271d927e625f2' -> (Import Result ID: '0464b193d747d2b047e6c156f2c9a718') in 0.032 seconds [static dependencies only]. Details - ImportResultOutputID=d9c6b70b37f4f396200787b96de169c6 DependenciesID=03f3266396bf9187de1c3cf5f2c0c8f1 StaticDependenciesID=98b307b5e9e5db531682ea11f2731559 
Importing 'GUID: e43888617a116f943a10e74301b8fed1 - Path: Assets/Kevin Iglesias/Human Animations/Animations/Female/Movement/Sprint/RootMotion/HumanF@Sprint01_ForwardLeft [RM].fbx' with importer (FBXImporter)
Imported 'GUID: e43888617a116f943a10e74301b8fed1' -> (Import Result ID: '31dbae3c51e459cd8721c8f81e3f1d62') in 0.036 seconds [static dependencies only]. Details - ImportResultOutputID=34f6a866c938d6e3f3d68d5cbcc3a824 DependenciesID=03d14cf793edb4724e69bcf0606850f3 StaticDependenciesID=940da8123e617a98b82dcdc4a0516957 
Importing 'GUID: 152af2cd00aaae34e816ebb8deb4b68e - Path: Assets/Kevin Iglesias/Human Animations/Animations/Male/Movement/Run/HumanM@Run01_ForwardRight.fbx' with importer (FBXImporter)
Imported 'GUID: 152af2cd00aaae34e816ebb8deb4b68e' -> (Import Result ID: '3b088786c77b67d741941f5cae232e7b') in 0.035 seconds [static dependencies only]. Details - ImportResultOutputID=aff4a2d6983b2d3dcc568ff2d58db8ae DependenciesID=e8ff9b7716c6557778fb4f3104064d4b StaticDependenciesID=2f25fe7e655b289a29b470c0fa71ff23 
Importing 'GUID: 55d43189338018e4c9e0c2ce1f608563 - Path: Assets/Kevin Iglesias/Human Animations/Animations/Male/Movement/Walk/HumanM@Walk01_BackwardRight.fbx' with importer (FBXImporter)
Imported 'GUID: 55d43189338018e4c9e0c2ce1f608563' -> (Import Result ID: 'd26dbc274f2c78b2fecc193d0c3bafb2') in 0.033 seconds [static dependencies only]. Details - ImportResultOutputID=218908d07fc103bd445e4e84361894be DependenciesID=7528c438796f9fd6d40465fc66e1da6d StaticDependenciesID=4aad73594d32a49f8f9a33c2905c9843 
Importing 'GUID: 55f7d9665d0be68498e73fb21fcf3267 - Path: Assets/Kevin Iglesias/Human Animations/Animations/Female/Movement/Run/RootMotion/HumanF@Run01_BackwardRight [RM].fbx' with importer (FBXImporter)
Imported 'GUID: 55f7d9665d0be68498e73fb21fcf3267' -> (Import Result ID: 'ca311bad97441f79a5bdd90322a5cd03') in 0.032 seconds [static dependencies only]. Details - ImportResultOutputID=6c93fb00d15865853509fb0e7c5501e2 DependenciesID=afde13abc3fe56bdb5d7dfe62a30c8d2 StaticDependenciesID=2bcfda7eac566f8b6f3a9cb7f3c352d0 
Importing 'GUID: 9500e467e35d4684880037a0762df59b - Path: Assets/Kevin Iglesias/Human Animations/Animations/Male/Movement/Run/RootMotion/HumanM@Run01_Forward [RM].fbx' with importer (FBXImporter)
Imported 'GUID: 9500e467e35d4684880037a0762df59b' -> (Import Result ID: '58af37e5feb09f1f62c3214dadade6b7') in 0.035 seconds [static dependencies only]. Details - ImportResultOutputID=9710d0bb6ee0bb0de96f2b3f3f9fe261 DependenciesID=3003018862be7ef8a869ca1be8c620be StaticDependenciesID=4f1e901d4129bb2c5ec8afcf10a7eed5 
Importing 'GUID: 9508ccae6dd32b54cb61bd81eda00380 - Path: Assets/Kevin Iglesias/Human Animations/Animations/Male/Idles/HumanM@Idle02.fbx' with importer (FBXImporter)
Imported 'GUID: 9508ccae6dd32b54cb61bd81eda00380' -> (Import Result ID: '46cfa87753ecfab5a9ba2f8a16704e7a') in 0.037 seconds [static dependencies only]. Details - ImportResultOutputID=002a9a02f574a47ce2f3d7cf55dadc21 DependenciesID=031ada6ae4c52a0843e422a774555e74 StaticDependenciesID=376a6c400248fb8475e8e43ec869b6d3 
Importing 'GUID: 954b6bbde5b5f5a46bb68711335f9f90 - Path: Assets/Kevin Iglesias/Human Animations/Animations/Male/Movement/Walk/RootMotion/HumanM@Walk01_ForwardRight [RM].fbx' with importer (FBXImporter)
Imported 'GUID: 954b6bbde5b5f5a46bb68711335f9f90' -> (Import Result ID: '049a05645551e85022d888a1f148afed') in 0.035 seconds [static dependencies only]. Details - ImportResultOutputID=18f71149cc52e655001eb6bf8dc0a9d2 DependenciesID=df3343a6d0edfbd3faede8514714362d StaticDependenciesID=b0e6c428090b2c537aee86ef994b7e3e 
Importing 'GUID: b5aa46a35563ed44bb6dc4be5dabd918 - Path: Assets/Kevin Iglesias/Human Animations/Animations/Female/Movement/Run/RootMotion/HumanF@Run01_Forward [RM].fbx' with importer (FBXImporter)
Imported 'GUID: b5aa46a35563ed44bb6dc4be5dabd918' -> (Import Result ID: '7ea5fe1b8ce70c2d6c4bf38a605b74a5') in 0.032 seconds [static dependencies only]. Details - ImportResultOutputID=d526319ec66acfd932848564f789ade4 DependenciesID=8d943ddb40dbfefd08fb31cd63480cb9 StaticDependenciesID=b49def36275840c60162b2bced01985f 
Importing 'GUID: d566567af8d4548409c7a95dc3995977 - Path: Assets/Kevin Iglesias/Human Animations/Animations/Female/Movement/Walk/RootMotion/HumanF@Walk01_Left [RM].fbx' with importer (FBXImporter)
Imported 'GUID: d566567af8d4548409c7a95dc3995977' -> (Import Result ID: '883f680b8a3f1096a135470e9b3a25bd') in 0.033 seconds [static dependencies only]. Details - ImportResultOutputID=521914e80d5b1a92baa4276dfeec86ec DependenciesID=42c72ded9525d4d758139e6c7ea0ed2d StaticDependenciesID=039803eb5021296e0a0b4f704d447cf8 
Importing 'GUID: 067a556d54da4e94b8c6cfc96e97d680 - Path: Assets/Kevin Iglesias/Human Animations/Animations/Male/Movement/Sprint/HumanM@Sprint01_Right.fbx' with importer (FBXImporter)
Imported 'GUID: 067a556d54da4e94b8c6cfc96e97d680' -> (Import Result ID: 'aa168b88164b48d6f4f4b1314787f525') in 0.031 seconds [static dependencies only]. Details - ImportResultOutputID=14a6b497d4794881b61fc99f4b55b8e2 DependenciesID=8a301431c5da53e9cb2a8bc75b322634 StaticDependenciesID=fd059a42267485949c1d567cbfeefa07 
Importing 'GUID: 06db7ead6cfa3054aaa7cf24fa1d249b - Path: Assets/Kevin Iglesias/Human Animations/Animations/Female/Movement/Run/RootMotion/HumanF@Run01_BackwardLeft [RM].fbx' with importer (FBXImporter)
Imported 'GUID: 06db7ead6cfa3054aaa7cf24fa1d249b' -> (Import Result ID: 'cebf62de9c2419113624e0081d9e021b') in 0.031 seconds [static dependencies only]. Details - ImportResultOutputID=e2abca2be0fc9a2f0c15e6c30b57aa43 DependenciesID=10b512964135025e609611b263e7072e StaticDependenciesID=4ab3fa84833b4092ffb16e970e668b71 
Importing 'GUID: 5694ab536c5e48a45873f22b86e57688 - Path: Assets/Kevin Iglesias/Human Animations/Animations/Female/Movement/Walk/HumanF@Walk01_Backward.fbx' with importer (FBXImporter)
Imported 'GUID: 5694ab536c5e48a45873f22b86e57688' -> (Import Result ID: '8625f6710debf22182623f2c3f022345') in 0.032 seconds [static dependencies only]. Details - ImportResultOutputID=a54f2632ae4032c7ce022ce7803b30f6 DependenciesID=5a5fa658c3b3ed4ceb4610861ec948ed StaticDependenciesID=5b3becd832a92b4bd9c0712aec0dcb7d 
Importing 'GUID: 56d8ff19983f1de47a7aef7fb3a2d2e3 - Path: Assets/Kevin Iglesias/Human Animations/Animations/Male/Movement/Run/RootMotion/HumanM@Run01_ForwardLeft [RM].fbx' with importer (FBXImporter)
Imported 'GUID: 56d8ff19983f1de47a7aef7fb3a2d2e3' -> (Import Result ID: '05479c935d7a3118aede7b760ea2752d') in 0.031 seconds [static dependencies only]. Details - ImportResultOutputID=f29529119314f35de6d6389887c98b0c DependenciesID=98774e0c280491c784f62e418d4c3367 StaticDependenciesID=bd18d1e4ce7a41bf3f73b12122c49fa8 
Importing 'GUID: 56fd86b76fc74d24d83522069f5deb9b - Path: Assets/Kevin Iglesias/Human Animations/Animations/Male/Idles/HumanM@Idle01.fbx' with importer (FBXImporter)
Imported 'GUID: 56fd86b76fc74d24d83522069f5deb9b' -> (Import Result ID: '478714dc810b5d8868ad712cabd0d1a5') in 0.036 seconds [static dependencies only]. Details - ImportResultOutputID=2e6dd12188cab2133ab82a57935df0ab DependenciesID=c86a28ac89b2db3d0fe30c500701989d StaticDependenciesID=55943a771edb29035cf339051116b57f 
Importing 'GUID: e63154bedee9a5f48aaca17e98adc5ce - Path: Assets/Kevin Iglesias/Human Animations/Animations/Male/Movement/Walk/RootMotion/HumanM@Walk01_Backward [RM].fbx' with importer (FBXImporter)
Imported 'GUID: e63154bedee9a5f48aaca17e98adc5ce' -> (Import Result ID: 'fe16d54d07a4b4f2bbc97b5599059772') in 0.032 seconds [static dependencies only]. Details - ImportResultOutputID=45bbeef56eb20fa194c08e4ae0d55cab DependenciesID=e3553b7128d5efd91b6dc1e955d5f365 StaticDependenciesID=afd1104486073b38019b9ca669d64894 
Importing 'GUID: 17eb721b405a2864b84ea7c088d6bf02 - Path: Assets/Kevin Iglesias/Human Animations/Animations/Male/Movement/Sprint/RootMotion/HumanM@Sprint01_Left [RM].fbx' with importer (FBXImporter)
Imported 'GUID: 17eb721b405a2864b84ea7c088d6bf02' -> (Import Result ID: '7cfa019d978d200aebdb2296902005eb') in 0.031 seconds [static dependencies only]. Details - ImportResultOutputID=eb00dee9f8ed25078a3c398fce355a85 DependenciesID=b1100a5363640ce2b85ebc78c02b7a0c StaticDependenciesID=347c764d86b54c1988a6ec850f2d526a 
Importing 'GUID: 4751c211b658f37459b5165f3a027e22 - Path: Assets/Kevin Iglesias/Human Animations/Animations/Male/Movement/Run/RootMotion/HumanM@Run01_BackwardRight [RM].fbx' with importer (FBXImporter)
Imported 'GUID: 4751c211b658f37459b5165f3a027e22' -> (Import Result ID: '23b763337f93231e81c9294323991cae') in 0.032 seconds [static dependencies only]. Details - ImportResultOutputID=2f76e1bdfc2796d99235fd6b907fb157 DependenciesID=1f297e4cb0100fe589ea883c9ed29b70 StaticDependenciesID=580b4de57ff61f6b7bcdff8c59d841cb 
Importing 'GUID: 67b3854dfc8f4ee4485ed3c744ac0cca - Path: Assets/Kevin Iglesias/Human Animations/Animations/Female/Movement/Run/RootMotion/HumanF@Run01_Right [RM].fbx' with importer (FBXImporter)
Imported 'GUID: 67b3854dfc8f4ee4485ed3c744ac0cca' -> (Import Result ID: '7f9bfa9b159f172583b125f5525d47b6') in 0.033 seconds [static dependencies only]. Details - ImportResultOutputID=3a4e225ae201ff672ff2453c0381de51 DependenciesID=43d78c405747b0f4c259d78d4500168b StaticDependenciesID=fb48955e82c6a2088441850c699b15f8 
Importing 'GUID: 77673eecac9076048b4b09f89e0c3d02 - Path: Assets/Kevin Iglesias/Human Animations/Animations/Female/Movement/Walk/HumanF@Walk01_ForwardLeft.fbx' with importer (FBXImporter)
Imported 'GUID: 77673eecac9076048b4b09f89e0c3d02' -> (Import Result ID: '6800cdd8ff4d6b34b611ede179a7ffd8') in 0.031 seconds [static dependencies only]. Details - ImportResultOutputID=05030167a10ecb29584c23f06868a0e7 DependenciesID=5a2d922e5f694f05691b285014d17e2c StaticDependenciesID=8bdf5074eef29a8ca32278fb42e06edf 
Importing 'GUID: 776b87abc6fae6f4e82851696702435b - Path: Assets/Kevin Iglesias/Human Animations/Animations/Male/Movement/Sprint/HumanM@Sprint01_ForwardRight.fbx' with importer (FBXImporter)
Imported 'GUID: 776b87abc6fae6f4e82851696702435b' -> (Import Result ID: 'fb5a4952253835ce28241d0dffbd064d') in 0.031 seconds [static dependencies only]. Details - ImportResultOutputID=510e6a58a3df79f628e780ec9b3058c0 DependenciesID=f2672948b97d64560a18b53c0f4ec71f StaticDependenciesID=424c4f62c109f734e2ee798f31ae42bc 
Importing 'GUID: 87c884e7a62eba6499574e0593663ba2 - Path: Assets/Kevin Iglesias/Human Animations/Animations/Male/Movement/Sprint/RootMotion/HumanM@Sprint01_Right [RM].fbx' with importer (FBXImporter)
Imported 'GUID: 87c884e7a62eba6499574e0593663ba2' -> (Import Result ID: '53f26ca2aae84d0ec3a87fcbae3b995a') in 0.031 seconds [static dependencies only]. Details - ImportResultOutputID=b46e92d97f2e195ed022910d703f04b1 DependenciesID=0b5bfcb9a85515b65c0bd83041270801 StaticDependenciesID=8ea1f93b3a2424ebc7aeb84951aa726c 
Importing 'GUID: b702e254d5e77904da0429cfcbc77709 - Path: Assets/Kevin Iglesias/Human Animations/Animations/Male/Movement/Walk/HumanM@Walk01_Left.fbx' with importer (FBXImporter)
Imported 'GUID: b702e254d5e77904da0429cfcbc77709' -> (Import Result ID: 'f919df1b0815e4c4726c5c0381903c55') in 0.032 seconds [static dependencies only]. Details - ImportResultOutputID=b1b35e8958d4bc68b5f5f4e036bbd1f4 DependenciesID=ca088e60beabe280ca9d11eccbd11d99 StaticDependenciesID=152ad7127d4589b3983ad3e4eaef2851 
Importing 'GUID: b7ff898919f115a4095d79af0129756f - Path: Assets/Kevin Iglesias/Human Animations/Animations/Female/Movement/Run/HumanF@Run01_Backward.fbx' with importer (FBXImporter)
Imported 'GUID: b7ff898919f115a4095d79af0129756f' -> (Import Result ID: '3bebf3af7094f6e0476b1862b99f99f0') in 0.031 seconds [static dependencies only]. Details - ImportResultOutputID=27c532ce785a21d1a710092e45dc8794 DependenciesID=2c4582d33f7c8a85da424dd643c0c297 StaticDependenciesID=1eb4c4018534438ce2b5d3439525379b 
Importing 'GUID: f76f0d054afdd5845a03ab8eea5b79b5 - Path: Assets/Kevin Iglesias/Human Animations/Animations/Female/Movement/Run/RootMotion/HumanF@Run01_Left [RM].fbx' with importer (FBXImporter)
Imported 'GUID: f76f0d054afdd5845a03ab8eea5b79b5' -> (Import Result ID: '9f0c7273bf6dd90227c15992f0c19c31') in 0.031 seconds [static dependencies only]. Details - ImportResultOutputID=b33ec67992e925cf846615985e55c5ee DependenciesID=570ee831635d15b670e5fd443b317551 StaticDependenciesID=00733ab0c0b9dc7ea58c57be8293a57f 
Importing 'GUID: 78375be644e8f3a45bdc574dcc4fdb45 - Path: Assets/Kevin Iglesias/Human Animations/Animations/Female/Movement/Run/RootMotion/HumanF@Run01_Backward [RM].fbx' with importer (FBXImporter)
Imported 'GUID: 78375be644e8f3a45bdc574dcc4fdb45' -> (Import Result ID: 'c62cda994ad5cd37ae0a82aeb17b96c7') in 0.031 seconds [static dependencies only]. Details - ImportResultOutputID=44904fa01efde7f1efb127f4dae0f734 DependenciesID=115d8dc2380d8e02ef69f2730aaad895 StaticDependenciesID=19413dde0d887a824cb954f0fb936efd 
Importing 'GUID: 9804b1ef8ab27f84f9d98515273f70e3 - Path: Assets/Kevin Iglesias/Human Animations/Animations/Male/Movement/Walk/RootMotion/HumanM@Walk01_Left [RM].fbx' with importer (FBXImporter)
Imported 'GUID: 9804b1ef8ab27f84f9d98515273f70e3' -> (Import Result ID: 'c77459e8c0da94624326210420a2fa5a') in 0.032 seconds [static dependencies only]. Details - ImportResultOutputID=9fee16ccdc4526ed9ad9157245f69f19 DependenciesID=c5018bf1896b3a9586c4c5f4e11f13b7 StaticDependenciesID=bf0f20cf8d89edc265981ed016a34d86 
Importing 'GUID: a8e6c7cf678a13541a726c2ae9ec00e3 - Path: Assets/Kevin Iglesias/Human Animations/Animations/Male/Movement/Run/HumanM@Run01_Backward.fbx' with importer (FBXImporter)
Imported 'GUID: a8e6c7cf678a13541a726c2ae9ec00e3' -> (Import Result ID: '45d75e3898fa9dd977b86bbdbd261a23') in 0.031 seconds [static dependencies only]. Details - ImportResultOutputID=778922b90c57407f8e41dd719ac1cc79 DependenciesID=7f47982e6e600be5ae398348411d9797 StaticDependenciesID=326a80b95516e77ca6c04116892deefb 
Importing 'GUID: a82fb70254a844243a7fe7e02b1ff809 - Path: Assets/Kevin Iglesias/Human Animations/Animations/Female/Movement/Walk/HumanF@Walk01_ForwardRight.fbx' with importer (FBXImporter)
Imported 'GUID: a82fb70254a844243a7fe7e02b1ff809' -> (Import Result ID: '4eb666d2e40029e70e7a47cf21a76b01') in 0.031 seconds [static dependencies only]. Details - ImportResultOutputID=4ecdaa2389968d60c031208f169171c3 DependenciesID=9222cbb96ec1104f0643144cb68066d5 StaticDependenciesID=c3e25d16b057099a2ae0d65ab2214f39 
Importing 'GUID: c8115ddbaf422d84bba45d0cc5d9fc70 - Path: Assets/Kevin Iglesias/Human Animations/Animations/Female/Movement/Jump/HumanF@Jump01 [RM] - Begin.fbx' with importer (FBXImporter)
Imported 'GUID: c8115ddbaf422d84bba45d0cc5d9fc70' -> (Import Result ID: 'a1d45388724bffb0d0c6636dfedf3de6') in 0.032 seconds [static dependencies only]. Details - ImportResultOutputID=667a5da0b71563b6a07771d0b825d2cf DependenciesID=1b4fb8e30ee3dc6e786bff65b89dea8c StaticDependenciesID=17271fe7de35305cda5908fd55143449 
Importing 'GUID: 793ed774c3ee38a45bea52043777b72e - Path: Assets/Kevin Iglesias/Human Animations/Animations/Female/Movement/Turn/HumanF@Turn01_Right [RM].fbx' with importer (FBXImporter)
Imported 'GUID: 793ed774c3ee38a45bea52043777b72e' -> (Import Result ID: 'a404077cfb65d91a1d2a44fd91137c77') in 0.033 seconds [static dependencies only]. Details - ImportResultOutputID=75e83d35bf0bec8df2e011da849b06f4 DependenciesID=71818d151aa3735300f3d0549b7cc286 StaticDependenciesID=d5972adc5e91243f0aeddc8e30101653 
Importing 'GUID: a92ad04671c1e2c42ab2feb0e9ac684c - Path: Assets/Kevin Iglesias/Human Animations/Animations/Masked Poses/Human@ObjectGripHands01.fbx' with importer (FBXImporter)
Imported 'GUID: a92ad04671c1e2c42ab2feb0e9ac684c' -> (Import Result ID: 'b9c3b1ebb9213fedb9ab562441c44031') in 0.029 seconds [static dependencies only]. Details - ImportResultOutputID=fe24a677771b4360fad68762e59ea8ac DependenciesID=3d487a8e1e6dbb110f6bd01e6bf5bcb2 StaticDependenciesID=03eb41696bdcfda7f9f252f6185ffa50 
Importing 'GUID: c969c57136eab8b48b882fdc45e975c4 - Path: Assets/Kevin Iglesias/Human Animations/Animations/Male/Movement/Jump/HumanM@Jump01 - Land.fbx' with importer (FBXImporter)
Imported 'GUID: c969c57136eab8b48b882fdc45e975c4' -> (Import Result ID: 'ec879745955b747d4b51cf425637f412') in 0.031 seconds [static dependencies only]. Details - ImportResultOutputID=e975e0174972d70dca6ddd0ac3664d17 DependenciesID=292f3cd54eed4c4b790f3bf9074843f5 StaticDependenciesID=22c0757d9b7ab424d949647551b3164d 
Importing 'GUID: c94ea603add67b745a5c6198446707fb - Path: Assets/Kevin Iglesias/Human Animations/Animations/Male/Movement/Run/RootMotion/HumanM@Run01_Right [RM].fbx' with importer (FBXImporter)
Imported 'GUID: c94ea603add67b745a5c6198446707fb' -> (Import Result ID: 'd409959b34dd8268cf91bbdbd29cb90b') in 0.032 seconds [static dependencies only]. Details - ImportResultOutputID=7b1f35e89fa98da7ea29379e20703520 DependenciesID=1f8ff75e22e5d860ebd85b9ba72bc470 StaticDependenciesID=5c3da30fc8f6bc8c7fa085ddde5e3f34 
Importing 'GUID: 3a4cf5e04ded562489d1c3b2da8c2d7a - Path: Assets/Kevin Iglesias/Human Animations/Animations/Male/Movement/Walk/HumanM@Walk01_ForwardLeft.fbx' with importer (FBXImporter)
Imported 'GUID: 3a4cf5e04ded562489d1c3b2da8c2d7a' -> (Import Result ID: '4eb28ff332087e7fda9d379d42388282') in 0.032 seconds [static dependencies only]. Details - ImportResultOutputID=b15b4290bef743e5da20a6e4aa194f5f DependenciesID=37dfa1b3dd203a155dfcdf35c16d5baf StaticDependenciesID=62ac82d94b84b01e4d26700df3a37b28 
Importing 'GUID: 5a0e32c255e96fa4294a09f20c564818 - Path: Assets/Kevin Iglesias/Human Animations/Animations/Male/Movement/Sprint/RootMotion/HumanM@Sprint01_Forward [RM].fbx' with importer (FBXImporter)
Imported 'GUID: 5a0e32c255e96fa4294a09f20c564818' -> (Import Result ID: '640ce6f79bcf966ff4f750c18925b8e0') in 0.032 seconds [static dependencies only]. Details - ImportResultOutputID=df3d9f6c38cc9147bcc20a79fc3245a8 DependenciesID=7255fc1ca615bbdec85867b96a224f6d StaticDependenciesID=02f8ee7c99322a8ed67dac20c0b494e6 
Importing 'GUID: 7a1d4b6c231e27b43ba22925331a8f90 - Path: Assets/Kevin Iglesias/Human Animations/Animations/Female/Movement/Walk/RootMotion/HumanF@Walk01_Right [RM].fbx' with importer (FBXImporter)
Imported 'GUID: 7a1d4b6c231e27b43ba22925331a8f90' -> (Import Result ID: 'ec69bc475b50fd17c0dc520917bb20d1') in 0.032 seconds [static dependencies only]. Details - ImportResultOutputID=c6d452070ac64753b590f90fa4504110 DependenciesID=56c9acbdb8660d251d097a0b9ba347eb StaticDependenciesID=ba236511acb3d06d070b3e3eed792d3e 
Importing 'GUID: 9a4f86a2229f88c4092c9a51a307198e - Path: Assets/Kevin Iglesias/Human Animations/Animations/Male/Movement/Walk/RootMotion/HumanM@Walk01_BackwardRight [RM].fbx' with importer (FBXImporter)
Imported 'GUID: 9a4f86a2229f88c4092c9a51a307198e' -> (Import Result ID: '68cbc0c10e5a325e297b1f28cb0ed38a') in 0.032 seconds [static dependencies only]. Details - ImportResultOutputID=1aadb020e650149f3c4d8cc29014db63 DependenciesID=777d2716e58986c90dbcc5ef9c091f25 StaticDependenciesID=cc635724e49599fc9b1728d75bfe6eb4 
Importing 'GUID: ca1026661b885cc41b96ef19b8fa736b - Path: Assets/Kevin Iglesias/Human Animations/Animations/Female/Movement/Turn/HumanF@Turn01_Left [RM].fbx' with importer (FBXImporter)
Imported 'GUID: ca1026661b885cc41b96ef19b8fa736b' -> (Import Result ID: 'fa8044e583097fc599b1bda9dec9a5b9') in 0.032 seconds [static dependencies only]. Details - ImportResultOutputID=795b8c487b798641540f3027859f26be DependenciesID=ef22c8d0b49c0ae1162c617fbfb04c28 StaticDependenciesID=87f5f4821630fdffa8167ec6b84b24df 
Importing 'GUID: ca7bf50d255ff5749a3a9ff602076af8 - Path: Assets/Kevin Iglesias/Human Animations/Animations/Male/Movement/Run/HumanM@Run01_BackwardRight.fbx' with importer (FBXImporter)
Imported 'GUID: ca7bf50d255ff5749a3a9ff602076af8' -> (Import Result ID: 'c1a9d62b7d125aef28f35ef1ff6e2aa9') in 0.033 seconds [static dependencies only]. Details - ImportResultOutputID=c64e47f632e05f7e8ac0b9ccabe83ebb DependenciesID=0523f53636e14c8463b5e5a57d8d2e9c StaticDependenciesID=6427d751122c98136379c25c5f99e6ed 
Importing 'GUID: daf6bb02eddf35e4e8cfcb493de60917 - Path: Assets/Kevin Iglesias/Human Animations/Animations/Female/Movement/Walk/HumanF@Walk01_BackwardLeft.fbx' with importer (FBXImporter)
Imported 'GUID: daf6bb02eddf35e4e8cfcb493de60917' -> (Import Result ID: 'd86fa01877c3eae83157105a3dbab2a8') in 0.032 seconds [static dependencies only]. Details - ImportResultOutputID=edd02fb3bdc67daacdc8f131bb68b0df DependenciesID=bd930587e4164d544bc26c29784ab3a2 StaticDependenciesID=439fb3d32a3ab6028e7e1e1e4cc6fe61 
Importing 'GUID: da2ed2e1aae1da34684fe894590efa54 - Path: Assets/Kevin Iglesias/Human Animations/Animations/Female/Idles/HumanF@Idle02-Idle01.fbx' with importer (FBXImporter)
Imported 'GUID: da2ed2e1aae1da34684fe894590efa54' -> (Import Result ID: '241b2ee05dff22a4f6bc7efd2d763169') in 0.032 seconds [static dependencies only]. Details - ImportResultOutputID=cc982b67c93703885ca09ee607463919 DependenciesID=aaecc6b507aacf9f42510d25505970fe StaticDependenciesID=2f8dacac0695a0128c2cf6665f313a89 
Importing 'GUID: fa72f21fa809c0542b384cb2889e901e - Path: Assets/Kevin Iglesias/Human Animations/Animations/Male/Movement/Jump/HumanM@Jump01 [RM] - Land.fbx' with importer (FBXImporter)
Imported 'GUID: fa72f21fa809c0542b384cb2889e901e' -> (Import Result ID: '8094ce258aa8db6d13f692088cc73c15') in 0.032 seconds [static dependencies only]. Details - ImportResultOutputID=14e74356cc040fab6d30ad11563a5fec DependenciesID=cd4134fb374a098a4bcbed2c1970de67 StaticDependenciesID=d3e994a99cd6299d256c244381de1466 
Importing 'GUID: ab147e0813d61eb439be75037830be27 - Path: Assets/Kevin Iglesias/Human Animations/Animations/Female/Movement/Walk/RootMotion/HumanF@Walk01_BackwardLeft [RM].fbx' with importer (FBXImporter)
Imported 'GUID: ab147e0813d61eb439be75037830be27' -> (Import Result ID: 'd961130be829a33580cbe562b80a8fba') in 0.033 seconds [static dependencies only]. Details - ImportResultOutputID=95be74ecf8f3b211d299c0c621dd5898 DependenciesID=7a05b721fae0887e0ca92b2d0bfebcd2 StaticDependenciesID=483e1fdb61e0c9faf8ab357e55fa41f7 
Importing 'GUID: abf537a4b09f6af4ebaa70cbfbbb3353 - Path: Assets/Kevin Iglesias/Human Animations/Animations/Female/Movement/Walk/RootMotion/HumanF@Walk01_ForwardRight [RM].fbx' with importer (FBXImporter)
Imported 'GUID: abf537a4b09f6af4ebaa70cbfbbb3353' -> (Import Result ID: '73021b4c0467dabe141defa705818c31') in 0.032 seconds [static dependencies only]. Details - ImportResultOutputID=80907ab8b1f2e6d808d875de8940be8e DependenciesID=1162398a3e2bba08f5b156d8c0d3fb5c StaticDependenciesID=26f7d817ea27318876f196ecc90a4c8e 
Importing 'GUID: abfd5440ec4350b46bdc9de604553b7a - Path: Assets/Kevin Iglesias/Human Animations/Animations/Female/Movement/Jump/HumanF@Jump01 - Begin.fbx' with importer (FBXImporter)
Imported 'GUID: abfd5440ec4350b46bdc9de604553b7a' -> (Import Result ID: 'aa2a8fe90e4a4715f86112c09807b7e5') in 0.032 seconds [static dependencies only]. Details - ImportResultOutputID=e9e0c0142fb3ac8b80e5b92e3f6ed820 DependenciesID=73a8982da57a21455e0fc6267f1f3392 StaticDependenciesID=ba27527204d262415572d8509adb9d03 
Importing 'GUID: eb3f1eb7170e5f747b4e1f47de1dbe5c - Path: Assets/Kevin Iglesias/Human Animations/Animations/Female/Movement/Sprint/HumanF@Sprint01_ForwardRight.fbx' with importer (FBXImporter)
Imported 'GUID: eb3f1eb7170e5f747b4e1f47de1dbe5c' -> (Import Result ID: 'd483dddbaaec6109aaf13da0258bdd8a') in 0.031 seconds [static dependencies only]. Details - ImportResultOutputID=66f245c2b6055feb91f8a6a6675b5fbc DependenciesID=452d37a24013622e2a4caf2b901cd669 StaticDependenciesID=80d730ad157563e5e087fb4df18c3513 
Importing 'GUID: 1c3a6282a5507e9439ab8d4787dd80c5 - Path: Assets/Kevin Iglesias/Human Animations/Animations/Male/Movement/Walk/RootMotion/HumanM@Walk01_ForwardLeft [RM].fbx' with importer (FBXImporter)
Imported 'GUID: 1c3a6282a5507e9439ab8d4787dd80c5' -> (Import Result ID: '53e709b4f2e9f92421b8386adc393238') in 0.032 seconds [static dependencies only]. Details - ImportResultOutputID=58ab0cbbc2ebd85377b97861509a5053 DependenciesID=96b285b56884a5ec838cec5be632aebf StaticDependenciesID=1ce45a9743f6877c8d44b897af36aba3 
Importing 'GUID: 2cd37dc84c089ac4981cd6d36abd33eb - Path: Assets/Kevin Iglesias/Human Animations/Animations/Male/Movement/Walk/HumanM@Walk01_Right.fbx' with importer (FBXImporter)
Imported 'GUID: 2cd37dc84c089ac4981cd6d36abd33eb' -> (Import Result ID: '81045d605c61f14e1789074dc24347ff') in 0.031 seconds [static dependencies only]. Details - ImportResultOutputID=d6d7f5a4fa0dd0e87d8ea83cb79ad4d7 DependenciesID=5d2f9b93b761dce9d4f8216c21824769 StaticDependenciesID=bf45274d556a8273bf2b3f93c1c67e3f 
Importing 'GUID: 7c23c3776f1ce0248aaa1fa0043581cd - Path: Assets/Kevin Iglesias/Human Animations/Animations/Male/Movement/Run/RootMotion/HumanM@Run01_ForwardRight [RM].fbx' with importer (FBXImporter)
Imported 'GUID: 7c23c3776f1ce0248aaa1fa0043581cd' -> (Import Result ID: 'fd648f33717de8b0d1ded1b43b4ac4f8') in 0.032 seconds [static dependencies only]. Details - ImportResultOutputID=e50e94420e987d23d426e150ee57335c DependenciesID=bb8e3335c0e3d341f93454ae7057d5ea StaticDependenciesID=441a09e4af085c39e44498f16a4acf89 
Importing 'GUID: 9cc63407e9eb8204babf8fc94b95f3e1 - Path: Assets/Kevin Iglesias/Human Animations/Animations/Female/Movement/Turn/HumanF@Turn01_Left.fbx' with importer (FBXImporter)
Imported 'GUID: 9cc63407e9eb8204babf8fc94b95f3e1' -> (Import Result ID: '00adce256543ab475ecebe1555b00ebb') in 0.033 seconds [static dependencies only]. Details - ImportResultOutputID=8c866f9b44f4ab3b5e09690a68195015 DependenciesID=70edb166436562b2b7cf5ef1ec4dd4f3 StaticDependenciesID=06510f82e80e57b10c4432439b5f16b5 
Importing 'GUID: ece8783ced0147a47bd91b75de63ffc4 - Path: Assets/Kevin Iglesias/Human Animations/Animations/Female/Movement/Sprint/RootMotion/HumanF@Sprint01_Forward [RM].fbx' with importer (FBXImporter)
Imported 'GUID: ece8783ced0147a47bd91b75de63ffc4' -> (Import Result ID: '5dae264144f0191f5b3870b0057c167c') in 0.032 seconds [static dependencies only]. Details - ImportResultOutputID=0def9f8b5d9c3e22a307638a1fbd5b77 DependenciesID=ea561a8ef31c24f3213f36a8db7a196c StaticDependenciesID=71f4bfd890fae323b58adf05f43323e4 
Importing 'GUID: 1dce3ce39fd4c0f4d9d2dbd5929a328c - Path: Assets/Kevin Iglesias/Human Animations/Animations/Female/Movement/Jump/HumanF@Jump01 - Land.fbx' with importer (FBXImporter)
Imported 'GUID: 1dce3ce39fd4c0f4d9d2dbd5929a328c' -> (Import Result ID: 'f8c2bee647043d554c0e970336a4958b') in 0.032 seconds [static dependencies only]. Details - ImportResultOutputID=e932cc60596a8e553fd53845b5d8031f DependenciesID=ec0cd118ea51d8a08e231ac06ef06b2e StaticDependenciesID=1b9e499f46aa62816effe64b8fcfab40 
Importing 'GUID: 2d87094962c8b48478651fa8fe1f7a5a - Path: Assets/Kevin Iglesias/Human Animations/Animations/Female/Movement/Walk/HumanF@Walk01_Forward.fbx' with importer (FBXImporter)
Imported 'GUID: 2d87094962c8b48478651fa8fe1f7a5a' -> (Import Result ID: 'c02c9fe74a7f137e406112d89dc926d7') in 0.033 seconds [static dependencies only]. Details - ImportResultOutputID=16b72eb7b3d96117402bcbe73e19f8d8 DependenciesID=de18b728cfea3db658013c17a7e537e0 StaticDependenciesID=d12231add045a29f17552328a1a4a554 
Importing 'GUID: 2d491dc6ab8cc5045919954fe2601203 - Path: Assets/Kevin Iglesias/Human Animations/Animations/Male/Movement/Run/HumanM@Run01_ForwardLeft.fbx' with importer (FBXImporter)
Imported 'GUID: 2d491dc6ab8cc5045919954fe2601203' -> (Import Result ID: '11bd1195e8bbb31926c6dd14e42f9bab') in 0.032 seconds [static dependencies only]. Details - ImportResultOutputID=856dbd12c1d083766a04762bd8df1804 DependenciesID=3ecafddd5fc7804731d696c8c22ccff4 StaticDependenciesID=c453119328de89ceb96a6256839bdb39 
Importing 'GUID: 2d5dcba826921c444bb225aa66997abd - Path: Assets/Kevin Iglesias/Human Animations/Animations/Female/Movement/Jump/HumanF@Jump01 [RM] - Land.fbx' with importer (FBXImporter)
Imported 'GUID: 2d5dcba826921c444bb225aa66997abd' -> (Import Result ID: '5153d7831fb863c961fb6823d4627df3') in 0.031 seconds [static dependencies only]. Details - ImportResultOutputID=2560decd1999c803bc45974ae73044de DependenciesID=c78669f8f07fb8be5364c9e2c5473b8d StaticDependenciesID=0490e5b7a4fd9b02f56ef2b7f622a707 
Importing 'GUID: 5dcc71b9770f2554e8fd3ea0d6c1e1f4 - Path: Assets/Kevin Iglesias/Human Animations/Animations/Male/Movement/Walk/HumanM@Walk01_BackwardLeft.fbx' with importer (FBXImporter)
Imported 'GUID: 5dcc71b9770f2554e8fd3ea0d6c1e1f4' -> (Import Result ID: '1c64b6235733ccbf61c7f5bf667ea6b8') in 0.032 seconds [static dependencies only]. Details - ImportResultOutputID=3f97875eb350db2fef8393c5ddad6036 DependenciesID=13758f387f2b08132b6f254ad3339c74 StaticDependenciesID=552a75183fa85bfcbc06f0dac8e6de57 
Importing 'GUID: 6deac83e30d8acd4cbb8c7d8a11545bd - Path: Assets/Kevin Iglesias/Human Animations/Animations/Male/Movement/Run/HumanM@Run01_Forward.fbx' with importer (FBXImporter)
Imported 'GUID: 6deac83e30d8acd4cbb8c7d8a11545bd' -> (Import Result ID: '7b199ef3bb813f3e06e91afa342763c6') in 0.031 seconds [static dependencies only]. Details - ImportResultOutputID=a1f4cc5623173ccea04ca34243b8cb77 DependenciesID=ff4378cebdfefbae37192e2f478ad31d StaticDependenciesID=a89bc351628053bfa1e1414d304ac620 
Importing 'GUID: 9d09a7ef30cc1fe41a7f28ee8fe465c0 - Path: Assets/Kevin Iglesias/Human Animations/Animations/Female/Movement/Sprint/RootMotion/HumanF@Sprint01_Right [RM].fbx' with importer (FBXImporter)
Imported 'GUID: 9d09a7ef30cc1fe41a7f28ee8fe465c0' -> (Import Result ID: '5c48cafd4694227b4b73ad75d29bf95d') in 0.031 seconds [static dependencies only]. Details - ImportResultOutputID=66880c7dd0181806e85c96be34ed0164 DependenciesID=44beffc4aeab0c1dd27efc029192c29f StaticDependenciesID=a4d4fc7c7e4512511a024ae0d58f0166 
Importing 'GUID: cdb2264de10c42b4799822b736b5de9c - Path: Assets/Kevin Iglesias/Human Animations/Animations/Female/Movement/Run/HumanF@Run01_ForwardLeft.fbx' with importer (FBXImporter)
Imported 'GUID: cdb2264de10c42b4799822b736b5de9c' -> (Import Result ID: '9e794c68115fad86c8a4ef6a00d5d867') in 0.032 seconds [static dependencies only]. Details - ImportResultOutputID=6ebfc3d646fe6794799c1630f39f60e6 DependenciesID=a74a1c2692db83032d90f7141cdc153e StaticDependenciesID=72993a682a7afbd702454c12f0adb914 
Importing 'GUID: dd0055e79f0f8414f986f0dce8f01186 - Path: Assets/Kevin Iglesias/Human Animations/Animations/Male/Movement/Run/RootMotion/HumanM@Run01_Left [RM].fbx' with importer (FBXImporter)
Imported 'GUID: dd0055e79f0f8414f986f0dce8f01186' -> (Import Result ID: '88b0a0bcac0a2b1c96f32a64987d2154') in 0.032 seconds [static dependencies only]. Details - ImportResultOutputID=6e866fe8651569e14fc233a67bafea3b DependenciesID=097ccf9524f132a21a013b5cf2aebc69 StaticDependenciesID=cc1fc5120455cef9a75681ee8bda0647 
Importing 'GUID: dd9cde7e792f5f946b091935d7903296 - Path: Assets/Kevin Iglesias/Human Animations/Animations/Male/Movement/Walk/HumanM@Walk01_ForwardRight.fbx' with importer (FBXImporter)
Imported 'GUID: dd9cde7e792f5f946b091935d7903296' -> (Import Result ID: 'bea405312cf6c6364ac38ac5656ed156') in 0.031 seconds [static dependencies only]. Details - ImportResultOutputID=dd53a2c1f75f6eafd73aa1671b12bd92 DependenciesID=24a91fa83f8966e2b3a0610f1f5c3c93 StaticDependenciesID=bdb1b955683c861fed10170a1db2b5e3 
Importing 'GUID: 0e7376aa8f8f38e4fb138892f92fe2e6 - Path: Assets/Kevin Iglesias/Human Animations/Animations/Male/Movement/Turn/HumanM@Turn01_Right.fbx' with importer (FBXImporter)
Imported 'GUID: 0e7376aa8f8f38e4fb138892f92fe2e6' -> (Import Result ID: '16840944a2727af429bdfd0ba8f81752') in 0.032 seconds [static dependencies only]. Details - ImportResultOutputID=579a611b44f9573a67da223f32c2aec6 DependenciesID=e86e480901e63d88e63d1fd6391a0a8e StaticDependenciesID=c2d9f258b3f3274a37e287b7ef576307 
Importing 'GUID: 1ee3692ad357102419809ccbcace4969 - Path: Assets/Kevin Iglesias/Human Animations/Animations/Female/Movement/Walk/HumanF@Walk01_Left.fbx' with importer (FBXImporter)
Imported 'GUID: 1ee3692ad357102419809ccbcace4969' -> (Import Result ID: 'd7e6b26af2c20b1f062fd91e383dfe56') in 0.032 seconds [static dependencies only]. Details - ImportResultOutputID=c6e32f89d6e599dd5a239ad10c3ca498 DependenciesID=1e6f03df10f0aaf0eed11a6a4afd17dc StaticDependenciesID=84dfdf1c7fc0006df2187d53057c660d 
Importing 'GUID: 2e0c1b2ccd3eeeb43b00e035f4fe7841 - Path: Assets/Kevin Iglesias/Human Animations/Animations/Female/Movement/Walk/RootMotion/HumanF@Walk01_Backward [RM].fbx' with importer (FBXImporter)
Imported 'GUID: 2e0c1b2ccd3eeeb43b00e035f4fe7841' -> (Import Result ID: 'c1d2e80f8fa0e68196efb329e9398eb5') in 0.032 seconds [static dependencies only]. Details - ImportResultOutputID=c3658815039a3d45caf17e9fb675ea50 DependenciesID=639a1b13ec892c690a63b54e354b5757 StaticDependenciesID=a06d2c653c4697f65228f6e2c046f478 
Importing 'GUID: 5e9b37dd2b8b41648a4731a21c853b2f - Path: Assets/Kevin Iglesias/Human Animations/Animations/Masked Poses/Human@HandsClosed01.fbx' with importer (FBXImporter)
Imported 'GUID: 5e9b37dd2b8b41648a4731a21c853b2f' -> (Import Result ID: '7ae51708cdfa559fed5f33fdde82d3a3') in 0.032 seconds [static dependencies only]. Details - ImportResultOutputID=d1e9c08fef6e6b1eeaa3b402beffd95c DependenciesID=1e16bda06440f31f457d788a52a5d6f1 StaticDependenciesID=507e6f930defc4b09534e306245b7a11 
Importing 'GUID: 0f69fd4f4ad106447896fb775199ed37 - Path: Assets/Kevin Iglesias/Human Animations/Animations/Female/Idles/HumanF@Idle01.fbx' with importer (FBXImporter)
Imported 'GUID: 0f69fd4f4ad106447896fb775199ed37' -> (Import Result ID: '6722a268cfff435190879e3f90d11145') in 0.037 seconds [static dependencies only]. Details - ImportResultOutputID=a0b87c9e2453b5a489b5d2ed7acb18d6 DependenciesID=d874a95574c226d25ca551f91c69cd89 StaticDependenciesID=9b3c4395e55fbbf624291fb8821c3cb1 
Importing 'GUID: 1f15e0650d22c9d48befae3bb44bc43d - Path: Assets/Kevin Iglesias/Human Animations/Animations/Female/Movement/Run/HumanF@Run01_BackwardLeft.fbx' with importer (FBXImporter)
Imported 'GUID: 1f15e0650d22c9d48befae3bb44bc43d' -> (Import Result ID: 'a3e30daa706149a91f61884dd3a93ddf') in 0.031 seconds [static dependencies only]. Details - ImportResultOutputID=4258dfb3745b955f888678f96f3ff564 DependenciesID=f0fb70c37229e6404d282b03d117339f StaticDependenciesID=620b4f2e85bfb39520a6d3a2a76b0d12 
Importing 'GUID: 6f466407f9f035f4fbf426e686e6444b - Path: Assets/Kevin Iglesias/Human Animations/Animations/Male/Movement/Turn/HumanM@Turn01_Left.fbx' with importer (FBXImporter)
Imported 'GUID: 6f466407f9f035f4fbf426e686e6444b' -> (Import Result ID: 'd1ed2d5e3cc0fd74ea45ece60946da98') in 0.033 seconds [static dependencies only]. Details - ImportResultOutputID=ffe33453d55ff4ad5fc4bae828aff296 DependenciesID=b1ddcc99bf1ae6cc5e84f0f8a4f371c1 StaticDependenciesID=c9653b9480e9278a84bfe805f7ecc712 
Importing 'GUID: 9f9dbe8815370164d8a2214328af4f13 - Path: Assets/Kevin Iglesias/Human Animations/Animations/Male/Movement/Run/HumanM@Run01_Left.fbx' with importer (FBXImporter)
Imported 'GUID: 9f9dbe8815370164d8a2214328af4f13' -> (Import Result ID: '8b78c7b89648d9be86da83eee356fc47') in 0.032 seconds [static dependencies only]. Details - ImportResultOutputID=9b1ce101927e710f06b16013ecb5debe DependenciesID=9796074640fadd9b11f3fd40f6b76e83 StaticDependenciesID=4de57c6e6e025c9cc79418481c85ce9f 
Importing 'GUID: bf3d864026a7e1146a27e29a8626bc69 - Path: Assets/Kevin Iglesias/Human Animations/Animations/Female/Movement/Run/RootMotion/HumanF@Run01_ForwardLeft [RM].fbx' with importer (FBXImporter)
Imported 'GUID: bf3d864026a7e1146a27e29a8626bc69' -> (Import Result ID: 'cc4ae88906d4a2f28a8b5b4796eba77d') in 0.033 seconds [static dependencies only]. Details - ImportResultOutputID=b32120959430102492bb16e189556133 DependenciesID=2b43373fd4a50cd6814b62937fb1d18e StaticDependenciesID=68c4884343a76b8ee683925a6b1c9cfe 
Importing 'GUID: cf78dc5ec3b949d47839771b740e655a - Path: Assets/Kevin Iglesias/Human Animations/Animations/Male/Movement/Sprint/HumanM@Sprint01_Forward.fbx' with importer (FBXImporter)
Imported 'GUID: cf78dc5ec3b949d47839771b740e655a' -> (Import Result ID: 'da96837a0a461605cc60ba495137148f') in 0.031 seconds [static dependencies only]. Details - ImportResultOutputID=8242f5c854160bcf99de85fa3a6d0702 DependenciesID=6dc70b2bb59f5bedf34b8977e9f03c8b StaticDependenciesID=71ef772d7a9245ce85de5e7961b3b229 
Importing 'GUID: ef7fc1c2505f93948addc245824a58b1 - Path: Assets/Kevin Iglesias/Human Animations/Animations/Female/Social/Conversation/HumanF@Talk01.fbx' with importer (FBXImporter)
Imported 'GUID: ef7fc1c2505f93948addc245824a58b1' -> (Import Result ID: '2b5f337c5faa213d4920937dbff9091a') in 0.035 seconds [static dependencies only]. Details - ImportResultOutputID=aa4dd025f55fe03b8e6e7c8e6f6c814e DependenciesID=0e8f896586a0c23d3d2423ba4c344a9b StaticDependenciesID=3ab233640c63c8f5109d47ce820bbefb 
Importing 'GUID: 1841c298173cdad4db8df8602c8f1c8d - Path: Assets/Kevin Iglesias/Human Animations/Models/HumanF_Model.fbx' with importer (FBXImporter)
Imported 'GUID: 1841c298173cdad4db8df8602c8f1c8d' -> (Import Result ID: '3265c9faa125898077b4a1765a2fcb81') in 0.046 seconds [static and dynamic dependencies]. Details - ImportResultOutputID=bfe0566c2741e328577d9003b62085c5 DependenciesID=c2f137097fb8a9c59e806a9ed601f212 StaticDependenciesID=d2fb536a6f648845d7d21bc1c69c08c9 
Importing 'GUID: 2e2ddfc093afcba4daa1b8caefc21e3b - Path: Assets/Kevin Iglesias/Human Animations/Unity Demo Scenes/Human Basic Motions/Models/HumanBasicMotions_SceneBase.fbx' with importer (FBXImporter)
Imported 'GUID: 2e2ddfc093afcba4daa1b8caefc21e3b' -> (Import Result ID: '9e7f477fe54456b8c7d2cc972d602a1d') in 0.012 seconds [static and dynamic dependencies]. Details - ImportResultOutputID=ad6e7421a4b2fb0fc3863827f0fdebd3 DependenciesID=ff03f765434c26b068a294f2fb229783 StaticDependenciesID=3182fb82e885679d612eb3d7cd0f782f 
Importing 'GUID: 2faa610713d3b3c439473daa55e8c60a - Path: Assets/Kevin Iglesias/Human Animations/Models/HumanM_Model.fbx' with importer (FBXImporter)
Imported 'GUID: 2faa610713d3b3c439473daa55e8c60a' -> (Import Result ID: '1d827557d8a3c1cb968f8f5f019b060c') in 0.146 seconds [static and dynamic dependencies]. Details - ImportResultOutputID=b89b336c3a9d942c5c7159d0151725c4 DependenciesID=d9e055170c07fa8cac6fdd1ff3875f0f StaticDependenciesID=6ce645e144f223239c87f91396c6ab29 
Importing 'GUID: 393051f55b8023349abb9a2cb9bdcfef - Path: Assets/Kevin Iglesias/Human Animations/Unity Demo Scenes/Human Basic Motions/AnimatorControllers/HumanBasicMotionsScene.controller' with importer (NativeFormatImporter)
Imported 'GUID: 393051f55b8023349abb9a2cb9bdcfef' -> (Import Result ID: 'ec9c6ffa3b556ad665903bc552a2d803') in 0.006 seconds [static dependencies only]. Details - ImportResultOutputID=53437ca09bf7409362ec64874562b14e DependenciesID=6f72376dea82ccdadec305d827e77fa0 StaticDependenciesID=bed61b6700b7925ace7ecdc3d810cb12 
Importing 'GUID: 73e24cf6536bfef4b98ccd6eb529a5fd - Path: Assets/Kevin Iglesias/Human Animations/Unity Demo Scenes/Human Basic Motions/Prefabs/Human_BasicMotionsDummy_F.prefab' with importer (PrefabImporter)
Imported 'GUID: 73e24cf6536bfef4b98ccd6eb529a5fd' -> (Import Result ID: '4ba82a06fbf3d6b5ce189c9312249042') in 0.010 seconds [static and dynamic dependencies]. Details - ImportResultOutputID=a2a0637ca2202370078cb3f8262217dd DependenciesID=9a6c9fec7845ed2a52de5fa414bbd30f StaticDependenciesID=a2bd1d7b38d044bd91524186c6f64ee2 
Importing 'GUID: bb96394e9629f20408ea23d3760ba123 - Path: Assets/Kevin Iglesias/Human Animations/Unity Demo Scenes/Human Basic Motions/Prefabs/Human_BasicMotionsDummy_M.prefab' with importer (PrefabImporter)
Imported 'GUID: bb96394e9629f20408ea23d3760ba123' -> (Import Result ID: '416721e61444544fe7a946a7d0f8de27') in 0.002 seconds [static and dynamic dependencies]. Details - ImportResultOutputID=b6abededb8b724a327a49376f3925831 DependenciesID=99b6cbbb0d967c0b97d2980d3178ad77 StaticDependenciesID=947af7be64c72c8edcb787c0a25987b0 
Launched and connected shader compiler UnityShaderCompiler.exe after 0.01 seconds

Asset Pipeline Refresh (id=8d28862c65687dc4b9dcb43ee523747c): Total: 11.664 seconds - Initiated by RefreshV2(ForceSynchronousImport)
	(Values over 0.05ms)
	Summary:
		Imports: total=189 (actual=189, local cache=0, cache server=0)
		Asset DB Process Time: managed=36 ms, native=6211 ms
		Asset DB Callback time: managed=239 ms, native=78 ms
		Scripting: domain reloads=1, domain reload time=1006 ms, compile time=4092 ms, other=0 ms
		Project Asset Count: scripts=1413, non-scripts=2463
		Asset File Changes: new=192, changed=192, moved=0, deleted=0
		Scan Filter Count: 0
	InvokePackagesCallback: 1.605ms
	ApplyChangesToAssetFolders: 0.303ms
	Scan: 109.500ms
	Collect global state as custom dependencies: 3.196ms
	OnSourceAssetsModified: 1.641ms
	CategorizeScriptCompilationAssets: 0.132ms
	ProcessAssetsWithTransientArtifactChanges: 4.677ms
	CategorizeAssets: 41.955ms
	CompileScripts: 4091.632ms
	ImportOutOfDateAssets: 5986.136ms (1717.104ms without children)
		ImportManagerImport: 4266.080ms (9.104ms without children)
			UpdateCategorizedAssets: 0.894ms
		CollectScriptTypesHashes: 1.339ms
		ReloadNativeAssets: 0.732ms
		UnloadImportedAssets: 1.385ms
		EnsureUptoDateAssetsAreRegisteredWithGuidPM: 0.576ms
		ImportSchedulerStart: 0.246ms
	PostProcessAllAssets: 314.542ms
		ShaderAssetModifiedCallback 48.286ms
		VersionControlSettings.HiddenFilePostprocess 2.507ms
		PostprocessAssetsUpdateCachedIcon 0.555ms
		PostProcessCallbackCreateDeferredMaterials 0.492ms
		ComputeShaderImportPostprocess 0.335ms
		SpeedTreeImporter.PostprocessAllAssets 0.252ms
		RaytracingShaderImportPostprocess 0.235ms
		XRBuildSystem.XRAssetImported 0.229ms
		LocalizationDatabase.AssetDatabasePostprocessCallback 0.137ms
		BlockShaderImporter.PostprocessAllAssets 0.121ms
		AssemblyValidation.PostprocessAllAssets 0.085ms
		MonoPostProcessAllAssets: 238.967ms
			SyncVS.PostprocessSyncProject 150.172ms
			AssetPostprocessor.OnPostprocessAllAssets 33.356ms
			UniversalRenderPipelineGlobalSettingsPostprocessor.OnPostprocessAllAssets 9.214ms
			ShaderGraphAssetPostProcessor.OnPostprocessAllAssets 6.144ms
			AssetChangedListener.OnPostprocessAllAssets 5.531ms
			BuilderAssetPostprocessor.OnPostprocessAllAssets 4.965ms
			TMPro_TexturePostProcessor.OnPostprocessAllAssets 1.927ms
			MaterialPostprocessor.OnPostprocessAllAssets 1.543ms
			SpeedTree9Postprocessor.OnPostprocessAllAssets 1.510ms
			WindowAssetPostprocessingWatcher.OnPostprocessAllAssets 1.447ms
			PostProcessor.OnPostprocessAllAssets 1.281ms
			RetainedModeAssetPostprocessor.OnPostprocessAllAssets 0.999ms
			TextAssetPostProcessor.OnPostprocessAllAssets 0.909ms
			InputActionAssetPostprocessor.OnPostprocessAllAssets 0.863ms
			InputActionJsonNameModifierAssetProcessor.OnPostprocessAllAssets 0.812ms
			EditModeScopePostprocessor.OnPostprocessAllAssets 0.798ms
			RenderPipelineGlobalSettingsPostprocessor.OnPostprocessAllAssets 0.758ms
			ProjectSettingsPostprocessor.OnPostprocessAllAssets 0.590ms
			ShaderReflectionAssetPostProcessor.OnPostprocessAllAssets 0.475ms
			UVCSAssetPostprocessor.OnPostprocessAllAssets 0.381ms
			ArtifactBrowserPostProcessor.OnPostprocessAllAssets 0.344ms
			AudioMixerPostprocessor.OnPostprocessAllAssets 0.296ms
			ReferencedClipsPostProcessor.OnPostprocessAllAssets 0.213ms
			StyleCatalogPostProcessor.OnPostprocessAllAssets 0.205ms
			AssetEvents.OnPostprocessAllAssets 0.190ms
			AudioContainerPostProcessor.OnPostprocessAllAssets 0.154ms
			AssetDatabaseCallbacks.OnPostprocessAllAssets 0.128ms
			SpeedTreePostProcessor.OnPostprocessAllAssets 0.122ms
			SamplePostprocessor.OnPostprocessAllAssets 0.117ms
			ConfigAssetsTracker.OnPostprocessAllAssets 0.112ms
			TerrainToolbarOverlayPostProcessor.OnPostprocessAllAssets 0.111ms
			ThemePostprocessor.OnPostprocessAllAssets 0.101ms
			ScenarioDriftAssetsTracker.OnPostprocessAllAssets 0.099ms
			AssetReloadNotifier.OnPostprocessAllAssets 0.089ms
	PostAssetChangesProfiler: 2.103ms
	GatherAllCurrentPrimaryImportResultRevisions: 0.295ms
	UnloadStreamsBegin: 1.234ms
	PersistCurrentRevisions: 0.522ms
	GenerateScriptTypeHashes: 2.289ms
	GenerateScriptTypeSerializationHashes: 3.994ms
	Untracked: 1092.208ms

Asset Pipeline Refresh (id=0e57dd51ebb85024d9d343e87cfe866e): Total: 0.012 seconds - Initiated by RefreshV2(ForceSynchronousImport)
[Licensing::Client] Successfully resolved entitlement details
[Licensing::Client] Successfully resolved entitlement details
GPU Resident Drawer created.
[Worker0] Imported GUID: b6e7451db795eb14b8b86c01246b4e45 - Path: Assets/Kevin Iglesias/Human Animations - Importer: PreviewImporter -> (ImportResultId: '6be47f9c880b146fd2722bfa7047bc3a') in 0.0113937 seconds
[Worker0] Imported GUID: efeb8c36a1723364392603dda24becb0 - Path: Assets/Kevin Iglesias/Human Animations/Animations - Importer: PreviewImporter -> (ImportResultId: '64d6f2c9569df54fefd5d445f3a1bf04') in 0.0115717 seconds
[Worker0] Imported GUID: a188c029449cdad41b29e2705df3bea4 - Path: Assets/Kevin Iglesias/Human Animations/Animations/Female - Importer: PreviewImporter -> (ImportResultId: '6421cf4c7955e8701aa4bc637d9c3a15') in 0.0110271 seconds
[Worker0] Imported GUID: 5e92f90055a54ab47b74a1f5297faecd - Path: Assets/Kevin Iglesias/Human Animations/Animations/Female/Idles - Importer: PreviewImporter -> (ImportResultId: '57e1e5fc62a8145d78f8be16eff381e7') in 0.0106852 seconds
[Worker0] Imported GUID: 0f69fd4f4ad106447896fb775199ed37 - Path: Assets/Kevin Iglesias/Human Animations/Animations/Female/Idles/HumanF@Idle01.fbx - Importer: PreviewImporter -> (ImportResultId: '8fa18205822b9573f7fb8cb4d9b27f38') in 0.0471758 seconds
[Worker1] Imported GUID: f3894581926850a43be23e43d5465af5 - Path: Assets/Kevin Iglesias/Human Animations/Animations/Female/Idles/HumanF@Idle01-Idle02.fbx - Importer: PreviewImporter -> (ImportResultId: '0852300742919a1adadc9872adb89aa9') in 0.0512214 seconds
[Worker0] Imported GUID: da2ed2e1aae1da34684fe894590efa54 - Path: Assets/Kevin Iglesias/Human Animations/Animations/Female/Idles/HumanF@Idle02-Idle01.fbx - Importer: PreviewImporter -> (ImportResultId: '2ba53037ea96a1062f79871fae670d4b') in 0.0155931 seconds
[Worker1] Imported GUID: 24b1b054ed689e44ba553f9841ebca06 - Path: Assets/Kevin Iglesias/Human Animations/Animations/Female/Idles/HumanF@Idle02.fbx - Importer: PreviewImporter -> (ImportResultId: '1899226032aee30814824b522013dc9e') in 0.0163156 seconds
Asset Pipeline Refresh (id=73963474267aa33489c037047071f5a0): Total: 0.004 seconds - Initiated by RefreshV2(AllowForceSynchronousImport)
[Worker0] Imported GUID: 7278ad681fe961a49a8889ba9f9d45df - Path: Assets/Kevin Iglesias/Human Animations/Models - Importer: PreviewImporter -> (ImportResultId: 'd829838bcaf49d3e1138d4fa5ae0b60a') in 0.0105568 seconds
[Worker1] Imported GUID: 2faa610713d3b3c439473daa55e8c60a - Path: Assets/Kevin Iglesias/Human Animations/Models/HumanM_Model.fbx - Importer: PreviewImporter -> (ImportResultId: '9b1d778c6f6ef01236a6f551db994802') in 3.0133525 seconds
[Worker1] Imported GUID: 7913c8be7c5917b4b92b228ee0d8a9d6 - Path: Assets/Kevin Iglesias/Human Animations/Models/Avatar Masks - Importer: PreviewImporter -> (ImportResultId: '177a5ba377826f1bd38652a9fd8e4bdb') in 0.0127482 seconds
[Worker1] Imported GUID: 142a22760aae7114f82e9cfc781709d0 - Path: Assets/Kevin Iglesias/Human Animations/Models/Avatar Masks/Human Body Upper Mask.mask - Importer: PreviewImporter -> (ImportResultId: 'c4b7b43028c22ab8da089a90948a1556') in 0.0096759 seconds
[Worker1] Imported GUID: cba496d351611c54494800debaf419f7 - Path: Assets/Kevin Iglesias/Human Animations/Models/Avatar Masks/Human Head Mask.mask - Importer: PreviewImporter -> (ImportResultId: '561233db543f680722104671c1254466') in 0.0132366 seconds
[Worker1] Imported GUID: 89527f5525238ee44b3182458d85143a - Path: Assets/Kevin Iglesias/Human Animations/Models/Avatar Masks/Human Body Full Mask.mask - Importer: PreviewImporter -> (ImportResultId: 'c88ddf2c504274ab02e59477436e3e80') in 0.0125727 seconds
[Worker0] Imported GUID: 1841c298173cdad4db8df8602c8f1c8d - Path: Assets/Kevin Iglesias/Human Animations/Models/HumanF_Model.fbx - Importer: PreviewImporter -> (ImportResultId: '430db12f87e058e8125e04872cd1a099') in 3.1496388 seconds
Asset Pipeline Refresh (id=e3db12df73482be45ba8310922a24f55): Total: 0.007 seconds - Initiated by RefreshV2(AllowForceSynchronousImport)
Asset Pipeline Refresh (id=c4cccd2421411fe48913b7dca4ccdbfe): Total: 0.003 seconds - Initiated by RefreshV2(AllowForceSynchronousImport)
Asset Pipeline Refresh (id=85f730fcd9d487b478a2da80bdf4d38d): Total: 0.003 seconds - Initiated by RefreshV2(AllowForceSynchronousImport)
Asset Pipeline Refresh (id=d491156e979682043be83e96bb8d2318): Total: 0.004 seconds - Initiated by RefreshV2(AllowForceSynchronousImport)
Asset Pipeline Refresh (id=e2d208a93ee9b8d4181896923afd2212): Total: 0.003 seconds - Initiated by RefreshV2(AllowForceSynchronousImport)
Asset Pipeline Refresh (id=2b6ab8d884886db46a6f6d4e56ba8424): Total: 0.002 seconds - Initiated by RefreshV2(AllowForceSynchronousImport)
Starting new worker id: 2 with log in C:/Users/CS2024/1151VR-HW1-414261498-陳宥元/Logs/AssetImportWorkerHW2.log
[Worker0] Imported GUID: 0e7376aa8f8f38e4fb138892f92fe2e6 - Path: Assets/Kevin Iglesias/Human Animations/Animations/Male/Movement/Turn/HumanM@Turn01_Right.fbx - Importer: ScriptedImporter/UnityEditor.QuickSearchModule:UnityEditor.Search:ASIAI0B -> (ImportResultId: 'eafa77aecea9f7726e5de463ea986bc3') in 0.1023969 seconds
Starting new worker id: 3 with log in C:/Users/CS2024/1151VR-HW1-414261498-陳宥元/Logs/AssetImportWorkerHW3.log
[Worker1] Imported GUID: 9500e467e35d4684880037a0762df59b - Path: Assets/Kevin Iglesias/Human Animations/Animations/Male/Movement/Run/RootMotion/HumanM@Run01_Forward [RM].fbx - Importer: ScriptedImporter/UnityEditor.QuickSearchModule:UnityEditor.Search:ASIAI0B -> (ImportResultId: '7651fbc349e5650f8c5d0b04d1b45f0b') in 0.1026849 seconds
[Worker1] Imported GUID: 89c28c6713f4e2447b5fdc6740e8232a - Path: Assets/Kevin Iglesias/Human Animations/Animations/Male/Movement/Sprint/RootMotion - Importer: ScriptedImporter/UnityEditor.QuickSearchModule:UnityEditor.Search:ASIAI0B -> (ImportResultId: '22a1a6b572fb98caa467c2a3949c31e1') in 0.0173413 seconds
[Worker0] Imported GUID: 67b3854dfc8f4ee4485ed3c744ac0cca - Path: Assets/Kevin Iglesias/Human Animations/Animations/Female/Movement/Run/RootMotion/HumanF@Run01_Right [RM].fbx - Importer: ScriptedImporter/UnityEditor.QuickSearchModule:UnityEditor.Search:ASIAI0B -> (ImportResultId: '6bc95d4777d17131d57478da986b96a7') in 0.0229203 seconds
[Worker0] Imported GUID: 5277e5180e302184fb73653674a14c85 - Path: Assets/Kevin Iglesias/Human Animations/Animations/Male/Social/Conversation/HumanM@Talk01.fbx - Importer: ScriptedImporter/UnityEditor.QuickSearchModule:UnityEditor.Search:ASIAI0B -> (ImportResultId: 'b8345a5e9b4495b9f8f9796b06494c67') in 0.0189197 seconds
[Worker1] Imported GUID: 5066fedfee3f6d04a8c9931c4ca8bc3b - Path: Assets/Kevin Iglesias/Human Animations/Unity Demo Scenes/Human Basic Motions/Materials/HumanBasicMotions_SceneBase.mat - Importer: ScriptedImporter/UnityEditor.QuickSearchModule:UnityEditor.Search:ASIAI0B -> (ImportResultId: 'fa5ca03f0e08dc31b6ed0f6c13794803') in 0.024078 seconds
[Worker1] Imported GUID: b3303b9e968a80b4694a24c6fcda0129 - Path: Assets/Kevin Iglesias/Human Animations/Models/Avatar Masks/Arms - Importer: ScriptedImporter/UnityEditor.QuickSearchModule:UnityEditor.Search:ASIAI0B -> (ImportResultId: '6bbb8c92f38c3e623cc3f555d29e2a16') in 0.0136054 seconds
[Worker0] Imported GUID: 17eb721b405a2864b84ea7c088d6bf02 - Path: Assets/Kevin Iglesias/Human Animations/Animations/Male/Movement/Sprint/RootMotion/HumanM@Sprint01_Left [RM].fbx - Importer: ScriptedImporter/UnityEditor.QuickSearchModule:UnityEditor.Search:ASIAI0B -> (ImportResultId: 'eec09ff3d52caad17dca2946f3176d6f') in 0.0194273 seconds
[Worker1] Imported GUID: 31b250fe2fe55ed4c8daa545b042f886 - Path: Assets/Kevin Iglesias/Human Animations/Animations/Female/Movement/Sprint/HumanF@Sprint01_Right.fbx - Importer: ScriptedImporter/UnityEditor.QuickSearchModule:UnityEditor.Search:ASIAI0B -> (ImportResultId: '8a8ff06912226083005fd7a730ac49f3') in 0.0182242 seconds
[Worker0] Imported GUID: 73e24cf6536bfef4b98ccd6eb529a5fd - Path: Assets/Kevin Iglesias/Human Animations/Unity Demo Scenes/Human Basic Motions/Prefabs/Human_BasicMotionsDummy_F.prefab - Importer: ScriptedImporter/UnityEditor.QuickSearchModule:UnityEditor.Search:ASIAI0B -> (ImportResultId: '3a4a30737191860ac10791c6cb026c24') in 0.0234108 seconds
[Worker1] Imported GUID: bcdb509f068fd7542b32d60ce2a04255 - Path: Assets/Kevin Iglesias/Human Animations/Animations/Female/Movement/Sprint/RootMotion - Importer: ScriptedImporter/UnityEditor.QuickSearchModule:UnityEditor.Search:ASIAI0B -> (ImportResultId: '47f2138e9ac3628c88fb16726a1ebf0b') in 0.0125275 seconds
[Worker0] Imported GUID: f2713866a3b7c484eb322653260adc9c - Path: Assets/Kevin Iglesias/Human Animations/Animations/Male/Movement/Sprint/RootMotion/HumanM@Sprint01_ForwardRight [RM].fbx - Importer: ScriptedImporter/UnityEditor.QuickSearchModule:UnityEditor.Search:ASIAI0B -> (ImportResultId: 'd27ae49c39227b6b59b4df66fb499381') in 0.019054 seconds
[Worker1] Imported GUID: 6f466407f9f035f4fbf426e686e6444b - Path: Assets/Kevin Iglesias/Human Animations/Animations/Male/Movement/Turn/HumanM@Turn01_Left.fbx - Importer: ScriptedImporter/UnityEditor.QuickSearchModule:UnityEditor.Search:ASIAI0B -> (ImportResultId: '64604e670b21b908b7f4b70564ed3595') in 0.0198701 seconds
[Worker1] Imported GUID: f3894581926850a43be23e43d5465af5 - Path: Assets/Kevin Iglesias/Human Animations/Animations/Female/Idles/HumanF@Idle01-Idle02.fbx - Importer: ScriptedImporter/UnityEditor.QuickSearchModule:UnityEditor.Search:ASIAI0B -> (ImportResultId: '5e8a636740ac9e8d0e573c0d1bf52645') in 0.0185555 seconds
[Worker0] Imported GUID: 1841c298173cdad4db8df8602c8f1c8d - Path: Assets/Kevin Iglesias/Human Animations/Models/HumanF_Model.fbx - Importer: ScriptedImporter/UnityEditor.QuickSearchModule:UnityEditor.Search:ASIAI0B -> (ImportResultId: '1a2567a1cea05bf43cfdeb129f1234e1') in 0.0265808 seconds
[Worker1] Imported GUID: a92ad04671c1e2c42ab2feb0e9ac684c - Path: Assets/Kevin Iglesias/Human Animations/Animations/Masked Poses/Human@ObjectGripHands01.fbx - Importer: ScriptedImporter/UnityEditor.QuickSearchModule:UnityEditor.Search:ASIAI0B -> (ImportResultId: '3a7615ac8ca0d78dfcd3d01c973ac85b') in 0.0184407 seconds
[Worker0] Imported GUID: 1ee3692ad357102419809ccbcace4969 - Path: Assets/Kevin Iglesias/Human Animations/Animations/Female/Movement/Walk/HumanF@Walk01_Left.fbx - Importer: ScriptedImporter/UnityEditor.QuickSearchModule:UnityEditor.Search:ASIAI0B -> (ImportResultId: 'bcf1d4cb5626b24126ce5ed7df998bff') in 0.0208097 seconds
[Worker1] Imported GUID: 5e92f90055a54ab47b74a1f5297faecd - Path: Assets/Kevin Iglesias/Human Animations/Animations/Female/Idles - Importer: ScriptedImporter/UnityEditor.QuickSearchModule:UnityEditor.Search:ASIAI0B -> (ImportResultId: '373638f1afc68f671c2e14bbd5b283e9') in 0.0147635 seconds
[Worker0] Imported GUID: 7c23c3776f1ce0248aaa1fa0043581cd - Path: Assets/Kevin Iglesias/Human Animations/Animations/Male/Movement/Run/RootMotion/HumanM@Run01_ForwardRight [RM].fbx - Importer: ScriptedImporter/UnityEditor.QuickSearchModule:UnityEditor.Search:ASIAI0B -> (ImportResultId: '3cc800d0251b446cdd98d2726ae6145f') in 0.0183123 seconds
[Worker1] Imported GUID: d4ad07e9a02ec4241a5110960579fb59 - Path: Assets/Kevin Iglesias/Human Animations/Animations/Male/Movement/Run/RootMotion/HumanM@Run01_BackwardLeft [RM].fbx - Importer: ScriptedImporter/UnityEditor.QuickSearchModule:UnityEditor.Search:ASIAI0B -> (ImportResultId: 'ad2dbb6b10e4be3a964b78c03eb94f46') in 0.0170911 seconds
[Worker0] Imported GUID: ca1026661b885cc41b96ef19b8fa736b - Path: Assets/Kevin Iglesias/Human Animations/Animations/Female/Movement/Turn/HumanF@Turn01_Left [RM].fbx - Importer: ScriptedImporter/UnityEditor.QuickSearchModule:UnityEditor.Search:ASIAI0B -> (ImportResultId: '1f775e365ff87057557f5f5d6492f246') in 0.0173215 seconds
[Worker1] Imported GUID: b8627446727d72449a87ae0e6a22174b - Path: Assets/Kevin Iglesias/Human Animations/Unity Demo Scenes/Human Basic Motions/Materials/HumanBasicMotions_SceneBaseSides.mat - Importer: ScriptedImporter/UnityEditor.QuickSearchModule:UnityEditor.Search:ASIAI0B -> (ImportResultId: '8ccbab545c8e6ffad5fe432d81b1442a') in 0.0139177 seconds
[Worker1] Imported GUID: 8878cb0ce0b5b5646833d1a8d0830eb9 - Path: Assets/Kevin Iglesias/Human Animations/Animations/Female/Movement/Run - Importer: ScriptedImporter/UnityEditor.QuickSearchModule:UnityEditor.Search:ASIAI0B -> (ImportResultId: 'c73670123cfd4468451625f40a6ae091') in 0.0133012 seconds
[Worker0] Imported GUID: 152af2cd00aaae34e816ebb8deb4b68e - Path: Assets/Kevin Iglesias/Human Animations/Animations/Male/Movement/Run/HumanM@Run01_ForwardRight.fbx - Importer: ScriptedImporter/UnityEditor.QuickSearchModule:UnityEditor.Search:ASIAI0B -> (ImportResultId: 'af0b551d17f3fd56ee4f7140939fdbd9') in 0.0192798 seconds
[Worker1] Imported GUID: c05c587ee4b52c140b281cbbb11edb94 - Path: Assets/Kevin Iglesias/Human Animations/Animations/Male/Movement/Run - Importer: ScriptedImporter/UnityEditor.QuickSearchModule:UnityEditor.Search:ASIAI0B -> (ImportResultId: '751de95815e4253b733ae872baff5b46') in 0.0130753 seconds
[Worker0] Imported GUID: f19b58f90d2ec3f409b2fd86a79e7cc3 - Path: Assets/Kevin Iglesias/Human Animations/Animations/Female/Movement/Sprint/HumanF@Sprint01_Forward.fbx - Importer: ScriptedImporter/UnityEditor.QuickSearchModule:UnityEditor.Search:ASIAI0B -> (ImportResultId: 'db1bbcaa8c518c4abbe5c7e43cd53bb3') in 0.0204239 seconds
[Worker1] Imported GUID: e5a63be753497564491d18960755a602 - Path: Assets/Kevin Iglesias/Human Animations/Unity Demo Scenes/Human Basic Motions/Materials - Importer: ScriptedImporter/UnityEditor.QuickSearchModule:UnityEditor.Search:ASIAI0B -> (ImportResultId: '3c25de2b05ad2d7d7ec4d2dc6ba94b3e') in 0.0133244 seconds
[Worker0] Imported GUID: b7a9bc6acd2eaa941ab64d230864a316 - Path: Assets/Kevin Iglesias/Human Animations/Models/Avatar Masks/Hands/Human Hand Left Mask.mask - Importer: ScriptedImporter/UnityEditor.QuickSearchModule:UnityEditor.Search:ASIAI0B -> (ImportResultId: '8a554694384641cb4bac34597c5d45de') in 0.0128793 seconds
[Worker1] Imported GUID: d0d93c131bda12e4bb9798ea4aefb6cb - Path: Assets/Kevin Iglesias/Human Animations/Animations/Female/Movement/Jump/HumanF@Jump01.fbx - Importer: ScriptedImporter/UnityEditor.QuickSearchModule:UnityEditor.Search:ASIAI0B -> (ImportResultId: '5bea2e8a2d4b7a11960cc29a950d36c3') in 0.0187517 seconds
[Worker0] Imported GUID: 40786e67f3ceb094b9c00543f295cb5f - Path: Assets/Kevin Iglesias/Human Animations/Animations/Female/Movement/Run/HumanF@Run01_Forward.fbx - Importer: ScriptedImporter/UnityEditor.QuickSearchModule:UnityEditor.Search:ASIAI0B -> (ImportResultId: '4fc429e2a503163863105838c3e86c2b') in 0.0177314 seconds
[Worker1] Imported GUID: cba496d351611c54494800debaf419f7 - Path: Assets/Kevin Iglesias/Human Animations/Models/Avatar Masks/Human Head Mask.mask - Importer: ScriptedImporter/UnityEditor.QuickSearchModule:UnityEditor.Search:ASIAI0B -> (ImportResultId: '1484ae6edc13488e5a42c123cce03930') in 0.0134142 seconds
[Worker0] Imported GUID: ce54d9f3bc9c6f54a925b28db7f669c6 - Path: Assets/Kevin Iglesias/Human Animations/Unity Demo Scenes/Human Basic Motions/Materials/HumanBasicMotions_SceneChair.mat - Importer: ScriptedImporter/UnityEditor.QuickSearchModule:UnityEditor.Search:ASIAI0B -> (ImportResultId: 'f44a9727628c078c21fa07c28f12d4b7') in 0.0163982 seconds
[Worker1] Imported GUID: f2c0bdf39740723408c784517a995932 - Path: Assets/Kevin Iglesias/Human Animations/Animations/Male - Importer: ScriptedImporter/UnityEditor.QuickSearchModule:UnityEditor.Search:ASIAI0B -> (ImportResultId: '66c3a88a2cc210abcf901bd3119ef51f') in 0.0118639 seconds
[Worker0] Imported GUID: abfd5440ec4350b46bdc9de604553b7a - Path: Assets/Kevin Iglesias/Human Animations/Animations/Female/Movement/Jump/HumanF@Jump01 - Begin.fbx - Importer: ScriptedImporter/UnityEditor.QuickSearchModule:UnityEditor.Search:ASIAI0B -> (ImportResultId: '020ee7fb2ccdfed7badaa3da9035b296') in 0.0174929 seconds
[Worker1] Imported GUID: 2d87094962c8b48478651fa8fe1f7a5a - Path: Assets/Kevin Iglesias/Human Animations/Animations/Female/Movement/Walk/HumanF@Walk01_Forward.fbx - Importer: ScriptedImporter/UnityEditor.QuickSearchModule:UnityEditor.Search:ASIAI0B -> (ImportResultId: '00433a90cb4b7058235745605099f6cf') in 0.0175726 seconds
[Worker1] Imported GUID: 5088dccb2ba6bc8478f1dc0919d3e8cd - Path: Assets/Kevin Iglesias/Human Animations/Animations/Female/Movement/Run/HumanF@Run01_ForwardRight.fbx - Importer: ScriptedImporter/UnityEditor.QuickSearchModule:UnityEditor.Search:ASIAI0B -> (ImportResultId: '4363382b2c1c6ff1a9dbb4192d23b9e9') in 0.0184992 seconds
[Worker0] Imported GUID: 7a1d4b6c231e27b43ba22925331a8f90 - Path: Assets/Kevin Iglesias/Human Animations/Animations/Female/Movement/Walk/RootMotion/HumanF@Walk01_Right [RM].fbx - Importer: ScriptedImporter/UnityEditor.QuickSearchModule:UnityEditor.Search:ASIAI0B -> (ImportResultId: '8866bab356aa395be2a05f8448fd5ee7') in 0.0195889 seconds
[Worker1] Imported GUID: 61d2d2e7bd6ea564e9c05751a3dfdf21 - Path: Assets/Kevin Iglesias/Human Animations/Animations/Female/Social/Conversation - Importer: ScriptedImporter/UnityEditor.QuickSearchModule:UnityEditor.Search:ASIAI0B -> (ImportResultId: '7af083d4e4ec72d32d3244376ba5776c') in 0.015144 seconds
[Worker0] Imported GUID: c2107d18fdd13e046b6b333ce7d88eca - Path: Assets/Kevin Iglesias/Human Animations/Unity Demo Scenes - Importer: ScriptedImporter/UnityEditor.QuickSearchModule:UnityEditor.Search:ASIAI0B -> (ImportResultId: '2aeb41ea8b846f1996a28ef53904afab') in 0.0150393 seconds
[Worker1] Imported GUID: 837c8bc570ba0e24e9f7110924f142df - Path: Assets/Kevin Iglesias/Human Animations/Animations/Female/Movement/Sprint/RootMotion/HumanF@Sprint01_Left [RM].fbx - Importer: ScriptedImporter/UnityEditor.QuickSearchModule:UnityEditor.Search:ASIAI0B -> (ImportResultId: 'fdb2aa11a0401ed518d2d0781040a5bf') in 0.0203979 seconds
[Worker0] Imported GUID: b5aa46a35563ed44bb6dc4be5dabd918 - Path: Assets/Kevin Iglesias/Human Animations/Animations/Female/Movement/Run/RootMotion/HumanF@Run01_Forward [RM].fbx - Importer: ScriptedImporter/UnityEditor.QuickSearchModule:UnityEditor.Search:ASIAI0B -> (ImportResultId: '8ffab7f584d2f44df56d38b539ce5b48') in 0.0208573 seconds
[Worker1] Imported GUID: 06db7ead6cfa3054aaa7cf24fa1d249b - Path: Assets/Kevin Iglesias/Human Animations/Animations/Female/Movement/Run/RootMotion/HumanF@Run01_BackwardLeft [RM].fbx - Importer: ScriptedImporter/UnityEditor.QuickSearchModule:UnityEditor.Search:ASIAI0B -> (ImportResultId: 'e0aa36e0bcc5c470d11fe7d91fceec67') in 0.0241369 seconds
[Worker0] Imported GUID: 8296dab082eb77948ab45344c6a09bcd - Path: Assets/Kevin Iglesias/Human Animations/Animations/Male/Movement/Turn/HumanM@Turn01_Right [RM].fbx - Importer: ScriptedImporter/UnityEditor.QuickSearchModule:UnityEditor.Search:ASIAI0B -> (ImportResultId: 'bd40d049daf30b2fde40ce333aca7a03') in 0.024166 seconds
[Worker0] Imported GUID: a8e6c7cf678a13541a726c2ae9ec00e3 - Path: Assets/Kevin Iglesias/Human Animations/Animations/Male/Movement/Run/HumanM@Run01_Backward.fbx - Importer: ScriptedImporter/UnityEditor.QuickSearchModule:UnityEditor.Search:ASIAI0B -> (ImportResultId: '0feda95c625bc41d091d9e060a7aaeda') in 0.0188695 seconds
[Worker1] Imported GUID: fa72f21fa809c0542b384cb2889e901e - Path: Assets/Kevin Iglesias/Human Animations/Animations/Male/Movement/Jump/HumanM@Jump01 [RM] - Land.fbx - Importer: ScriptedImporter/UnityEditor.QuickSearchModule:UnityEditor.Search:ASIAI0B -> (ImportResultId: 'ef662562ceeddc319fdbbe80428ae0a6') in 0.0223141 seconds
[Worker1] Imported GUID: 963ee8470a874de4b84d8db6f887cd34 - Path: Assets/Kevin Iglesias/Human Animations/Animations/Male/Movement/Jump - Importer: ScriptedImporter/UnityEditor.QuickSearchModule:UnityEditor.Search:ASIAI0B -> (ImportResultId: '71b1bd254e933ae56ee653a2f9158eed') in 0.0169336 seconds
[Worker0] Imported GUID: b7ff898919f115a4095d79af0129756f - Path: Assets/Kevin Iglesias/Human Animations/Animations/Female/Movement/Run/HumanF@Run01_Backward.fbx - Importer: ScriptedImporter/UnityEditor.QuickSearchModule:UnityEditor.Search:ASIAI0B -> (ImportResultId: '1dd8ca2b5f17975eb0d139cdd56ecb75') in 0.0224041 seconds
[Worker1] Imported GUID: 600f7cf1c6250e84687d018d42666742 - Path: Assets/Kevin Iglesias/Human Animations/Scripts/UpperBodyAnimations-SpineProxy.url - Importer: ScriptedImporter/UnityEditor.QuickSearchModule:UnityEditor.Search:ASIAI0B -> (ImportResultId: '023f10a5ad8a5a11f2fba7798695d4d3') in 0.0151448 seconds
[Worker0] Imported GUID: 393051f55b8023349abb9a2cb9bdcfef - Path: Assets/Kevin Iglesias/Human Animations/Unity Demo Scenes/Human Basic Motions/AnimatorControllers/HumanBasicMotionsScene.controller - Importer: ScriptedImporter/UnityEditor.QuickSearchModule:UnityEditor.Search:ASIAI0B -> (ImportResultId: '6cd46f6a812445cf055fdb8aedbdcdba') in 0.0193846 seconds
[Worker1] Imported GUID: 17f8fc7826aaf7340b3a2791ed7d4476 - Path: Assets/Kevin Iglesias/Human Animations/Unity Demo Scenes/Human Basic Motions/AnimatorControllers - Importer: ScriptedImporter/UnityEditor.QuickSearchModule:UnityEditor.Search:ASIAI0B -> (ImportResultId: '6a8f3a3a28741617592ccc6d13997c21') in 0.0127822 seconds
[Worker0] Imported GUID: 53186c660ca35254cb302f56f055063e - Path: Assets/Kevin Iglesias/Human Animations/Animations/Male/Movement/Jump/HumanM@Jump01 [RM] - Begin.fbx - Importer: ScriptedImporter/UnityEditor.QuickSearchModule:UnityEditor.Search:ASIAI0B -> (ImportResultId: 'b61a217d7b401142a169dae12bffb96c') in 0.018396 seconds
[Worker1] Imported GUID: 74a8e870fd625914099b99d4caa5bf0b - Path: Assets/Kevin Iglesias/Human Animations/Animations/Male/Movement/Turn/HumanM@Turn01_Left [RM].fbx - Importer: ScriptedImporter/UnityEditor.QuickSearchModule:UnityEditor.Search:ASIAI0B -> (ImportResultId: '866fcfd4fdd51a2f3da52a2ca002dc92') in 0.0186079 seconds
[Worker0] Imported GUID: 2d5dcba826921c444bb225aa66997abd - Path: Assets/Kevin Iglesias/Human Animations/Animations/Female/Movement/Jump/HumanF@Jump01 [RM] - Land.fbx - Importer: ScriptedImporter/UnityEditor.QuickSearchModule:UnityEditor.Search:ASIAI0B -> (ImportResultId: '460a27a0d51d4554d96eb543d49a8eae') in 0.0236709 seconds
[Worker1] Imported GUID: b702e254d5e77904da0429cfcbc77709 - Path: Assets/Kevin Iglesias/Human Animations/Animations/Male/Movement/Walk/HumanM@Walk01_Left.fbx - Importer: ScriptedImporter/UnityEditor.QuickSearchModule:UnityEditor.Search:ASIAI0B -> (ImportResultId: '44496319d6577555d5ab2b3b254c928a') in 0.0212354 seconds
[Worker0] Imported GUID: a1efc4df860a2fe4a8c3e44b28fd963e - Path: Assets/Kevin Iglesias/Human Animations/Models/Avatar Masks/Arms/Human Arm Right Mask.mask - Importer: ScriptedImporter/UnityEditor.QuickSearchModule:UnityEditor.Search:ASIAI0B -> (ImportResultId: 'a2fa53f6c021ea29fafd02aaee62b818') in 0.0140309 seconds
Importing 'GUID: b04ab1a8d6a06c041aa2bf524747dd37 - Path: Assets/3D object/New Folder' with importer (DefaultImporter)
Imported 'GUID: b04ab1a8d6a06c041aa2bf524747dd37' -> (Import Result ID: '42df3703bde7639cf1a8e4142451bb1f') in 0.009 seconds [static dependencies only]. Details - ImportResultOutputID=68039874f75d56c751f5c680419f7de2 DependenciesID=013bef25bb5a7be9f765658769cd4856 StaticDependenciesID=d9d182557b49a8841b24977f29f43ba8 
Asset Pipeline Refresh (id=125c3c5708298864aa6c7e9196dd3d3c): Total: 0.071 seconds - Initiated by StopAssetImportingV2(NoUpdateAssetOptions)
[Worker0] Imported GUID: b04ab1a8d6a06c041aa2bf524747dd37 - Path: Assets/3D object/New Folder - Importer: PreviewImporter -> (ImportResultId: 'f0d246a377190e67c47b0c1d608556f1') in 0.0145699 seconds
Worker ready: AssetImportWorkerHW2 2
Worker ready: AssetImportWorkerHW3 3
Asset Pipeline Refresh (id=edad8556dfb57e74cb8a815fe55310de): Total: 0.038 seconds - Initiated by StopAssetImportingV2(NoUpdateAssetOptions)
Asset Pipeline Refresh (id=0f775cc867e5a4d4096551b9c47d6386): Total: 0.008 seconds - Initiated by RefreshV2(ForceSynchronousImport)
[Worker0] Imported GUID: b30791e7b86b5fd459b5a1e7524a51ca - Path: Assets/Kevin Iglesias/Human Animations/Animations/Female/Movement/Run/RootMotion - Importer: ScriptedImporter/UnityEditor.QuickSearchModule:UnityEditor.Search:ASIAI0B -> (ImportResultId: 'dc0eb7056a135c25d2362fe8f9612c8c') in 0.0161013 seconds
[Worker1] Imported GUID: 55d43189338018e4c9e0c2ce1f608563 - Path: Assets/Kevin Iglesias/Human Animations/Animations/Male/Movement/Walk/HumanM@Walk01_BackwardRight.fbx - Importer: ScriptedImporter/UnityEditor.QuickSearchModule:UnityEditor.Search:ASIAI0B -> (ImportResultId: '90a7b4a2c1ad8673661a7baf79c1bd2b') in 0.0176446 seconds
[Worker0] Imported GUID: a6373b7536cc6fd4485ebc59e60dc4cc - Path: Assets/Kevin Iglesias/Human Animations/Models/Avatar Masks/Arms/Human Arms Mask.mask - Importer: ScriptedImporter/UnityEditor.QuickSearchModule:UnityEditor.Search:ASIAI0B -> (ImportResultId: '609c40169f52b3bd7ad762beb070c3d3') in 0.0132617 seconds
[Worker1] Imported GUID: ece8783ced0147a47bd91b75de63ffc4 - Path: Assets/Kevin Iglesias/Human Animations/Animations/Female/Movement/Sprint/RootMotion/HumanF@Sprint01_Forward [RM].fbx - Importer: ScriptedImporter/UnityEditor.QuickSearchModule:UnityEditor.Search:ASIAI0B -> (ImportResultId: '4d092a98e5f623daebd6973ed895ac7c') in 0.0160119 seconds
[Worker0] Imported GUID: 77673eecac9076048b4b09f89e0c3d02 - Path: Assets/Kevin Iglesias/Human Animations/Animations/Female/Movement/Walk/HumanF@Walk01_ForwardLeft.fbx - Importer: ScriptedImporter/UnityEditor.QuickSearchModule:UnityEditor.Search:ASIAI0B -> (ImportResultId: '1a14655e30a8c16caefadd5eab8885c3') in 0.0132932 seconds
[Worker2] Imported GUID: f2c3f25206bc5304593237a67a5a30b4 - Path: Assets/Kevin Iglesias/Human Animations/Animations/Female/Social - Importer: ScriptedImporter/UnityEditor.QuickSearchModule:UnityEditor.Search:ASIAI0B -> (ImportResultId: 'e7ce4b5c29c623e25e27d2a13ab1eeaa') in 0.057286 seconds
[Worker3] Imported GUID: 7913c8be7c5917b4b92b228ee0d8a9d6 - Path: Assets/Kevin Iglesias/Human Animations/Models/Avatar Masks - Importer: ScriptedImporter/UnityEditor.QuickSearchModule:UnityEditor.Search:ASIAI0B -> (ImportResultId: '49a165dd91cd62d7464e0a53998f651d') in 0.0610513 seconds
Starting new worker id: 4 with log in C:/Users/CS2024/1151VR-HW1-414261498-陳宥元/Logs/AssetImportWorkerHW4.log
[Worker3] Imported GUID: d349d325a9834be45b2b56a3ffac92d4 - Path: Assets/Kevin Iglesias/Human Animations/Animations/Female/Movement/Walk - Importer: ScriptedImporter/UnityEditor.QuickSearchModule:UnityEditor.Search:ASIAI0B -> (ImportResultId: '2e2ea0d8eda9fbf9a8318df8e0b49ba9') in 0.0120415 seconds
[Worker1] Imported GUID: 89527f5525238ee44b3182458d85143a - Path: Assets/Kevin Iglesias/Human Animations/Models/Avatar Masks/Human Body Full Mask.mask - Importer: ScriptedImporter/UnityEditor.QuickSearchModule:UnityEditor.Search:ASIAI0B -> (ImportResultId: 'f9da8d4817992a15af852b8373f98ea9') in 0.013671 seconds
[Worker0] Imported GUID: 78375be644e8f3a45bdc574dcc4fdb45 - Path: Assets/Kevin Iglesias/Human Animations/Animations/Female/Movement/Run/RootMotion/HumanF@Run01_Backward [RM].fbx - Importer: ScriptedImporter/UnityEditor.QuickSearchModule:UnityEditor.Search:ASIAI0B -> (ImportResultId: 'f1f8dbaa413ece58e8b200e9bacaeda3') in 0.0167375 seconds
[Worker1] Imported GUID: 55f7d9665d0be68498e73fb21fcf3267 - Path: Assets/Kevin Iglesias/Human Animations/Animations/Female/Movement/Run/RootMotion/HumanF@Run01_BackwardRight [RM].fbx - Importer: ScriptedImporter/UnityEditor.QuickSearchModule:UnityEditor.Search:ASIAI0B -> (ImportResultId: '2221f7cccaf6a48da635e95d206245d7') in 0.0211249 seconds
[Worker0] Imported GUID: 62f242d2f9358a8429c9ea16bfc70c60 - Path: Assets/Kevin Iglesias/Human Animations/Animations/Female/Movement/Sprint/HumanF@Sprint01_ForwardLeft.fbx - Importer: ScriptedImporter/UnityEditor.QuickSearchModule:UnityEditor.Search:ASIAI0B -> (ImportResultId: '7ba4647ebebeed0cb6d0f4515337e3cb') in 0.0207648 seconds
[Worker0] Imported GUID: 9fefcdfef4f1bde45bef8b66dd81e417 - Path: Assets/Kevin Iglesias/Human Animations/Human Basic Motions 2.4 FREE.pdf - Importer: ScriptedImporter/UnityEditor.QuickSearchModule:UnityEditor.Search:ASIAI0B -> (ImportResultId: 'f561442450ccb7c9a6cc0ca0a09d7186') in 0.0156357 seconds
[Worker1] Imported GUID: 1f15e0650d22c9d48befae3bb44bc43d - Path: Assets/Kevin Iglesias/Human Animations/Animations/Female/Movement/Run/HumanF@Run01_BackwardLeft.fbx - Importer: ScriptedImporter/UnityEditor.QuickSearchModule:UnityEditor.Search:ASIAI0B -> (ImportResultId: '5f0a41a7b48bc8ab6dea74434931ab6f') in 0.0203399 seconds
[Worker1] Imported GUID: c2c482be839c3de4ea61574648bc1e70 - Path: Assets/Kevin Iglesias/Human Animations/Animations/Female/Movement/Sprint - Importer: ScriptedImporter/UnityEditor.QuickSearchModule:UnityEditor.Search:ASIAI0B -> (ImportResultId: '4e2b11e3b7f908dd13b5767f91b2e41b') in 0.0149824 seconds
[Worker1] Imported GUID: 9f9dbe8815370164d8a2214328af4f13 - Path: Assets/Kevin Iglesias/Human Animations/Animations/Male/Movement/Run/HumanM@Run01_Left.fbx - Importer: ScriptedImporter/UnityEditor.QuickSearchModule:UnityEditor.Search:ASIAI0B -> (ImportResultId: 'b33c4a5cd49c07831cd8a52b0eaf207f') in 0.0232489 seconds
[Worker3] Imported GUID: dd0055e79f0f8414f986f0dce8f01186 - Path: Assets/Kevin Iglesias/Human Animations/Animations/Male/Movement/Run/RootMotion/HumanM@Run01_Left [RM].fbx - Importer: ScriptedImporter/UnityEditor.QuickSearchModule:UnityEditor.Search:ASIAI0B -> (ImportResultId: '0f564fc92a1b65272af4ace0a1bb4092') in 0.0881204 seconds
[Worker2] Imported GUID: d566567af8d4548409c7a95dc3995977 - Path: Assets/Kevin Iglesias/Human Animations/Animations/Female/Movement/Walk/RootMotion/HumanF@Walk01_Left [RM].fbx - Importer: ScriptedImporter/UnityEditor.QuickSearchModule:UnityEditor.Search:ASIAI0B -> (ImportResultId: '3f67e9b19914f82cc721abf83d939a9d') in 0.1011675 seconds
[Worker0] Imported GUID: 2f6618ca4af94df49884ca327b3c36f6 - Path: Assets/Kevin Iglesias/Human Animations/Unity Demo Scenes/Human Basic Motions/Textures/HumanBasicMotionsShadow.png - Importer: ScriptedImporter/UnityEditor.QuickSearchModule:UnityEditor.Search:ASIAI0B -> (ImportResultId: '416bd5248c60f53d676d55602e3e9a25') in 0.0589248 seconds
[Worker1] Imported GUID: 9a4f86a2229f88c4092c9a51a307198e - Path: Assets/Kevin Iglesias/Human Animations/Animations/Male/Movement/Walk/RootMotion/HumanM@Walk01_BackwardRight [RM].fbx - Importer: ScriptedImporter/UnityEditor.QuickSearchModule:UnityEditor.Search:ASIAI0B -> (ImportResultId: '9127913a0d583d9241956331a61300ea') in 0.021008 seconds
[Worker3] Imported GUID: e63154bedee9a5f48aaca17e98adc5ce - Path: Assets/Kevin Iglesias/Human Animations/Animations/Male/Movement/Walk/RootMotion/HumanM@Walk01_Backward [RM].fbx - Importer: ScriptedImporter/UnityEditor.QuickSearchModule:UnityEditor.Search:ASIAI0B -> (ImportResultId: '461a728db1e40b1a164a9c28838e17d8') in 0.0172172 seconds
[Worker2] Imported GUID: c133e3c197c12e04a9dd23bd0966910f - Path: Assets/Kevin Iglesias/Human Animations/Animations/Male/Movement/Walk/HumanM@Walk01_Forward.fbx - Importer: ScriptedImporter/UnityEditor.QuickSearchModule:UnityEditor.Search:ASIAI0B -> (ImportResultId: '9f6a4c261cd2c7539a377d1248129e35') in 0.018206 seconds
[Worker3] Imported GUID: f9507c68eeb7d1d4c9cf86799a26832e - Path: Assets/Kevin Iglesias/Human Animations/Animations/Male/Social/Conversation - Importer: ScriptedImporter/UnityEditor.QuickSearchModule:UnityEditor.Search:ASIAI0B -> (ImportResultId: '67cb1dd15156cbc36dc58e2bd0f1057b') in 0.0141599 seconds
[Worker2] Imported GUID: 3c01d1ed15a1c0f49b77151cfdaa3e8d - Path: Assets/Kevin Iglesias/Human Animations/Models/Avatar Masks/Arms/Human Arm Left Mask.mask - Importer: ScriptedImporter/UnityEditor.QuickSearchModule:UnityEditor.Search:ASIAI0B -> (ImportResultId: '95def2ce8e790bbf3949f519478b1738') in 0.012894 seconds
[Worker0] Imported GUID: 9d09a7ef30cc1fe41a7f28ee8fe465c0 - Path: Assets/Kevin Iglesias/Human Animations/Animations/Female/Movement/Sprint/RootMotion/HumanF@Sprint01_Right [RM].fbx - Importer: ScriptedImporter/UnityEditor.QuickSearchModule:UnityEditor.Search:ASIAI0B -> (ImportResultId: 'fbd821b06bd20387ae857eeecafd3249') in 0.0210467 seconds
[Worker1] Imported GUID: 1455f282db7117d419994bb5c5f3acc2 - Path: Assets/Kevin Iglesias/Human Animations/Animations/Male/Movement/Jump/HumanM@Fall01.fbx - Importer: ScriptedImporter/UnityEditor.QuickSearchModule:UnityEditor.Search:ASIAI0B -> (ImportResultId: 'a07c1f7c7d16895dca95b4b751cc3bfe') in 0.0252146 seconds
[Worker2] Imported GUID: e6594c847f8afc14d9221105e31658cd - Path: Assets/Kevin Iglesias/Human Animations/Animations/Male/Idles - Importer: ScriptedImporter/UnityEditor.QuickSearchModule:UnityEditor.Search:ASIAI0B -> (ImportResultId: '1fcc9687407db15690b15ca21261e89f') in 0.0143543 seconds
[Worker3] Imported GUID: a188c029449cdad41b29e2705df3bea4 - Path: Assets/Kevin Iglesias/Human Animations/Animations/Female - Importer: ScriptedImporter/UnityEditor.QuickSearchModule:UnityEditor.Search:ASIAI0B -> (ImportResultId: 'd11006a9f81604b8723c13550a68eb2b') in 0.0146774 seconds
[Worker1] Imported GUID: 1b131c154aa621d409658ba4ed1c84c3 - Path: Assets/Kevin Iglesias/Human Animations/Animations/HumanBasicMotionsFREE_BlenderFiles.zip - Importer: ScriptedImporter/UnityEditor.QuickSearchModule:UnityEditor.Search:ASIAI0B -> (ImportResultId: '09ed2216074dd403906bc625a2586bcc') in 0.015966 seconds
[Worker2] Imported GUID: fef76271049cee74db99d4a4ab446955 - Path: Assets/Kevin Iglesias/Human Animations/Animations/Male/Movement/Turn - Importer: ScriptedImporter/UnityEditor.QuickSearchModule:UnityEditor.Search:ASIAI0B -> (ImportResultId: '5a07a5f86dd41093fc0600a497ba0b93') in 0.0125492 seconds
[Worker0] Imported GUID: 2d491dc6ab8cc5045919954fe2601203 - Path: Assets/Kevin Iglesias/Human Animations/Animations/Male/Movement/Run/HumanM@Run01_ForwardLeft.fbx - Importer: ScriptedImporter/UnityEditor.QuickSearchModule:UnityEditor.Search:ASIAI0B -> (ImportResultId: '5f019fe66d08b90396bf9f94d910b5d4') in 0.0262735 seconds
[Worker3] Imported GUID: 24b1b054ed689e44ba553f9841ebca06 - Path: Assets/Kevin Iglesias/Human Animations/Animations/Female/Idles/HumanF@Idle02.fbx - Importer: ScriptedImporter/UnityEditor.QuickSearchModule:UnityEditor.Search:ASIAI0B -> (ImportResultId: '562c6dcf46a5fb4e97e62c4043c85a29') in 0.0199683 seconds
[Worker1] Imported GUID: d00c71d24c7056945b5a9c1265d3cdcf - Path: Assets/Kevin Iglesias/Human Animations/Unity Demo Scenes/Human Basic Motions/Prefabs - Importer: ScriptedImporter/UnityEditor.QuickSearchModule:UnityEditor.Search:ASIAI0B -> (ImportResultId: 'd192e6ccb3acabf107bc5a24e3818a49') in 0.0136268 seconds
[Worker2] Imported GUID: 5adc485d7fe4ae642890a72ce2d7ccfd - Path: Assets/Kevin Iglesias/Human Animations/Unity Demo Scenes/Human Basic Motions/Human Basic Motions FREE - Unity Demo Scene.unity - Importer: ScriptedImporter/UnityEditor.QuickSearchModule:UnityEditor.Search:ASIAI0B -> (ImportResultId: '1ddf081cc39cd45395cbf11221656d60') in 0.0169944 seconds
[Worker0] Imported GUID: dd9cde7e792f5f946b091935d7903296 - Path: Assets/Kevin Iglesias/Human Animations/Animations/Male/Movement/Walk/HumanM@Walk01_ForwardRight.fbx - Importer: ScriptedImporter/UnityEditor.QuickSearchModule:UnityEditor.Search:ASIAI0B -> (ImportResultId: 'eeca5da07fc312fba85ac44790bae892') in 0.0239999 seconds
[Worker3] Imported GUID: 33332cc79a8e983428d3ba32af4c8997 - Path: Assets/Kevin Iglesias/Human Animations/Animations/Female/Movement/Jump/HumanF@Jump01 [RM].fbx - Importer: ScriptedImporter/UnityEditor.QuickSearchModule:UnityEditor.Search:ASIAI0B -> (ImportResultId: '60fe8c4d58fa92acada7e891a0606ddd') in 0.0197199 seconds
[Worker1] Imported GUID: daf6bb02eddf35e4e8cfcb493de60917 - Path: Assets/Kevin Iglesias/Human Animations/Animations/Female/Movement/Walk/HumanF@Walk01_BackwardLeft.fbx - Importer: ScriptedImporter/UnityEditor.QuickSearchModule:UnityEditor.Search:ASIAI0B -> (ImportResultId: 'aa2429bf4d694f9e6363d8601c37d6a3') in 0.0197559 seconds
[Worker2] Imported GUID: 56d8ff19983f1de47a7aef7fb3a2d2e3 - Path: Assets/Kevin Iglesias/Human Animations/Animations/Male/Movement/Run/RootMotion/HumanM@Run01_ForwardLeft [RM].fbx - Importer: ScriptedImporter/UnityEditor.QuickSearchModule:UnityEditor.Search:ASIAI0B -> (ImportResultId: '781b1a1176d4ccf1a9f240ece7e989dc') in 0.0174813 seconds
[Worker3] Imported GUID: e1f77fcf2f98c1f4099b95656e1e841b - Path: Assets/Kevin Iglesias/Human Animations/Animations/Female/Movement/Turn - Importer: ScriptedImporter/UnityEditor.QuickSearchModule:UnityEditor.Search:ASIAI0B -> (ImportResultId: '4dc23878969361b1328b644d3dcdf6bc') in 0.0119717 seconds
[Worker0] Imported GUID: f194a505473e7aa469db0682217fa7f8 - Path: Assets/Kevin Iglesias/Human Animations/Animations/Male/Movement/Sprint/HumanM@Sprint01_Left.fbx - Importer: ScriptedImporter/UnityEditor.QuickSearchModule:UnityEditor.Search:ASIAI0B -> (ImportResultId: '9c454eae6be941ed63cf037f90b4a120') in 0.021364 seconds
[Worker1] Imported GUID: faf05c90f228efb44879df1000fe028d - Path: Assets/Kevin Iglesias/Human Animations/Animations/Female/Movement/Walk/RootMotion - Importer: ScriptedImporter/UnityEditor.QuickSearchModule:UnityEditor.Search:ASIAI0B -> (ImportResultId: '710527f755e9331d61061236ed0d6caf') in 0.013817 seconds
[Worker3] Imported GUID: 11d274b4b5c082449a03eb98bce92189 - Path: Assets/Kevin Iglesias/Human Animations/Animations/Male/Movement/Walk/RootMotion - Importer: ScriptedImporter/UnityEditor.QuickSearchModule:UnityEditor.Search:ASIAI0B -> (ImportResultId: 'e9b9710591007639aeba9624e2f83787') in 0.0110995 seconds
[Worker1] Imported GUID: 14b354c87e646e24b84a04de67edf8a1 - Path: Assets/Kevin Iglesias/Human Animations/Animations/Male/Movement - Importer: ScriptedImporter/UnityEditor.QuickSearchModule:UnityEditor.Search:ASIAI0B -> (ImportResultId: '895379a6b29161a3388c0617bf4cd4f7') in 0.0129573 seconds
[Worker0] Imported GUID: b6e7451db795eb14b8b86c01246b4e45 - Path: Assets/Kevin Iglesias/Human Animations - Importer: ScriptedImporter/UnityEditor.QuickSearchModule:UnityEditor.Search:ASIAI0B -> (ImportResultId: 'f687082cad86fa61a923112f71a63f6d') in 0.0131031 seconds
[Worker2] Imported GUID: bb96394e9629f20408ea23d3760ba123 - Path: Assets/Kevin Iglesias/Human Animations/Unity Demo Scenes/Human Basic Motions/Prefabs/Human_BasicMotionsDummy_M.prefab - Importer: ScriptedImporter/UnityEditor.QuickSearchModule:UnityEditor.Search:ASIAI0B -> (ImportResultId: '5eeb51c2120078588cc2b1272cce61b0') in 0.0275296 seconds
[Worker3] Imported GUID: 5ca09be614981804ab3e7b144f0ac0fc - Path: Assets/Kevin Iglesias/Human Animations/Animations/Male/Movement/Run/RootMotion - Importer: ScriptedImporter/UnityEditor.QuickSearchModule:UnityEditor.Search:ASIAI0B -> (ImportResultId: '331ef713eb3110e12a231a224f89be20') in 0.0124678 seconds
[Worker2] Imported GUID: 4ff39103735d8aa4cb2b923e50e2d165 - Path: Assets/Kevin Iglesias/Human Animations/Models/Avatar Masks/Hands - Importer: ScriptedImporter/UnityEditor.QuickSearchModule:UnityEditor.Search:ASIAI0B -> (ImportResultId: '3e26459bcf822bbf132f22a5468b8982') in 0.0132671 seconds
[Worker1] Imported GUID: 742dda8cea256e347a5e36860b12ce91 - Path: Assets/Kevin Iglesias/Human Animations/Models/Avatar Masks/Hands/Human Hand Right Mask.mask - Importer: ScriptedImporter/UnityEditor.QuickSearchModule:UnityEditor.Search:ASIAI0B -> (ImportResultId: '7fe313c422a16833cd16a49605e068e2') in 0.0169562 seconds
[Worker0] Imported GUID: 5a0e32c255e96fa4294a09f20c564818 - Path: Assets/Kevin Iglesias/Human Animations/Animations/Male/Movement/Sprint/RootMotion/HumanM@Sprint01_Forward [RM].fbx - Importer: ScriptedImporter/UnityEditor.QuickSearchModule:UnityEditor.Search:ASIAI0B -> (ImportResultId: '0bab7679dc2bacecea04941f1a76b45c') in 0.0219612 seconds
[Worker3] Imported GUID: e4554e344c29aeb4087271d927e625f2 - Path: Assets/Kevin Iglesias/Human Animations/Animations/Female/Movement/Run/HumanF@Run01_Right.fbx - Importer: ScriptedImporter/UnityEditor.QuickSearchModule:UnityEditor.Search:ASIAI0B -> (ImportResultId: '1de502418c8e194e64199a014e594689') in 0.0181288 seconds
[Worker2] Imported GUID: 142a22760aae7114f82e9cfc781709d0 - Path: Assets/Kevin Iglesias/Human Animations/Models/Avatar Masks/Human Body Upper Mask.mask - Importer: ScriptedImporter/UnityEditor.QuickSearchModule:UnityEditor.Search:ASIAI0B -> (ImportResultId: '1929749a1e1379b0e1a74573ef172387') in 0.0131712 seconds
[Worker3] Imported GUID: 9036fa8b253f7b242918d9e229a5138d - Path: Assets/Kevin Iglesias/Human Animations/Animations/Male/Movement/Walk - Importer: ScriptedImporter/UnityEditor.QuickSearchModule:UnityEditor.Search:ASIAI0B -> (ImportResultId: '0e134fda9c2cd67ba79674d97b602838') in 0.0129591 seconds
[Worker1] Imported GUID: 10772571bbe13c84bb9245af6e5e0e77 - Path: Assets/Kevin Iglesias/Human Animations/Animations/Male/Movement/Walk/RootMotion/HumanM@Walk01_Right [RM].fbx - Importer: ScriptedImporter/UnityEditor.QuickSearchModule:UnityEditor.Search:ASIAI0B -> (ImportResultId: '4e8f35bcc35999b01f47a61600ff4009') in 0.0214135 seconds
[Worker0] Imported GUID: 5dcc71b9770f2554e8fd3ea0d6c1e1f4 - Path: Assets/Kevin Iglesias/Human Animations/Animations/Male/Movement/Walk/HumanM@Walk01_BackwardLeft.fbx - Importer: ScriptedImporter/UnityEditor.QuickSearchModule:UnityEditor.Search:ASIAI0B -> (ImportResultId: '399a05f71dbe59b359b1e6d7fa6422b1') in 0.0216364 seconds
[Worker2] Imported GUID: 56fd86b76fc74d24d83522069f5deb9b - Path: Assets/Kevin Iglesias/Human Animations/Animations/Male/Idles/HumanM@Idle01.fbx - Importer: ScriptedImporter/UnityEditor.QuickSearchModule:UnityEditor.Search:ASIAI0B -> (ImportResultId: 'd4bf808721ac89f72851d18ccf3bf737') in 0.0213553 seconds
[Worker3] Imported GUID: eb3f1eb7170e5f747b4e1f47de1dbe5c - Path: Assets/Kevin Iglesias/Human Animations/Animations/Female/Movement/Sprint/HumanF@Sprint01_ForwardRight.fbx - Importer: ScriptedImporter/UnityEditor.QuickSearchModule:UnityEditor.Search:ASIAI0B -> (ImportResultId: 'de41db31823b9940782a33c52526ded3') in 0.0189674 seconds
[Worker1] Imported GUID: 13a7a8b93b87c984dbd8e0556bfebd96 - Path: Assets/Kevin Iglesias/Human Animations/Animations/Female/Movement/Run/RootMotion/HumanF@Run01_ForwardRight [RM].fbx - Importer: ScriptedImporter/UnityEditor.QuickSearchModule:UnityEditor.Search:ASIAI0B -> (ImportResultId: '58f5e3ac9a2649623259a12e3be298f8') in 0.0202402 seconds
[Worker0] Imported GUID: f1c72df816110fc4394d0e781c72bc31 - Path: Assets/Kevin Iglesias/Human Animations/Animations/Male/Movement/Sprint/HumanM@Sprint01_ForwardLeft.fbx - Importer: ScriptedImporter/UnityEditor.QuickSearchModule:UnityEditor.Search:ASIAI0B -> (ImportResultId: '797eb9085a72fd0a1b9be368639c0038') in 0.0183826 seconds
[Worker2] Imported GUID: c337eaab751341e43ac0ba1c83ead291 - Path: Assets/Kevin Iglesias/Human Animations/Animations/Male/Movement/Jump/HumanM@Jump01 [RM].fbx - Importer: ScriptedImporter/UnityEditor.QuickSearchModule:UnityEditor.Search:ASIAI0B -> (ImportResultId: 'd93046dc983bfb15870b8e9f5f7bcfe6') in 0.0176836 seconds
[Worker3] Imported GUID: 067a556d54da4e94b8c6cfc96e97d680 - Path: Assets/Kevin Iglesias/Human Animations/Animations/Male/Movement/Sprint/HumanM@Sprint01_Right.fbx - Importer: ScriptedImporter/UnityEditor.QuickSearchModule:UnityEditor.Search:ASIAI0B -> (ImportResultId: '972c8de89200297b55083c974fce2a85') in 0.01629 seconds
[Worker1] Imported GUID: 73f1e892de373654ea6e3fff3ca15f76 - Path: Assets/Kevin Iglesias/Human Animations/Animations/Female/Movement/Jump/HumanF@Fall01.fbx - Importer: ScriptedImporter/UnityEditor.QuickSearchModule:UnityEditor.Search:ASIAI0B -> (ImportResultId: '964a435966086ebadd0c5bb4fa464f6e') in 0.0215037 seconds
[Worker3] Imported GUID: dd95fd526fbaddd4e96feb1b5b051f7f - Path: Assets/Kevin Iglesias/Human Animations/Scripts/SpineProxy.cs - Importer: ScriptedImporter/UnityEditor.QuickSearchModule:UnityEditor.Search:ASIAI0B -> (ImportResultId: '2c1cb82475fe7f35b2243dca6aac4e11') in 0.0135352 seconds
[Worker0] Imported GUID: f1f1135ca9cfa8c47bf81718bb0d6873 - Path: Assets/Kevin Iglesias/Human Animations/Animations/Male/Movement/Walk/HumanM@Walk01_Backward.fbx - Importer: ScriptedImporter/UnityEditor.QuickSearchModule:UnityEditor.Search:ASIAI0B -> (ImportResultId: '220ec0086a3973b051c5c4e06662a71f') in 0.0234453 seconds
[Worker2] Imported GUID: 793ed774c3ee38a45bea52043777b72e - Path: Assets/Kevin Iglesias/Human Animations/Animations/Female/Movement/Turn/HumanF@Turn01_Right [RM].fbx - Importer: ScriptedImporter/UnityEditor.QuickSearchModule:UnityEditor.Search:ASIAI0B -> (ImportResultId: '8cc179d85d0331af747ac49dae8fff47') in 0.018858 seconds
[Worker3] Imported GUID: 0a4037e6e845cef45a1c8695b047ae7f - Path: Assets/Kevin Iglesias/Human Animations/Unity Demo Scenes/Human Basic Motions/Script/HumanBasicMotionsDemo.cs - Importer: ScriptedImporter/UnityEditor.QuickSearchModule:UnityEditor.Search:ASIAI0B -> (ImportResultId: '120c0cb6342623ab2afbd21021937e6c') in 0.0120313 seconds
[Worker1] Imported GUID: 1067eff693e77f143bc9982fef2aa0a1 - Path: Assets/Kevin Iglesias/Human Animations/Animations/Female/Movement/Run/HumanF@Run01_BackwardRight.fbx - Importer: ScriptedImporter/UnityEditor.QuickSearchModule:UnityEditor.Search:ASIAI0B -> (ImportResultId: '69675d2e86d6362862d32fc4001d7e27') in 0.0197717 seconds
[Worker0] Imported GUID: 53f04a4ec8491524e9cdd29521175434 - Path: Assets/Kevin Iglesias/Human Animations/Animations/Female/Movement - Importer: ScriptedImporter/UnityEditor.QuickSearchModule:UnityEditor.Search:ASIAI0B -> (ImportResultId: '5b07af14949f4970431cf9858119cef7') in 0.0157066 seconds
[Worker2] Imported GUID: b4ae722a24b2a8d4b98cbe5ddda51e41 - Path: Assets/Kevin Iglesias/Human Animations/Animations/Female/Movement/Turn/HumanF@Turn01_Right.fbx - Importer: ScriptedImporter/UnityEditor.QuickSearchModule:UnityEditor.Search:ASIAI0B -> (ImportResultId: 'd585502f7cefbd6bab5765d0700e962b') in 0.0170165 seconds
[Worker3] Imported GUID: 5694ab536c5e48a45873f22b86e57688 - Path: Assets/Kevin Iglesias/Human Animations/Animations/Female/Movement/Walk/HumanF@Walk01_Backward.fbx - Importer: ScriptedImporter/UnityEditor.QuickSearchModule:UnityEditor.Search:ASIAI0B -> (ImportResultId: '12214479eb8d236f553d713f7ca62783') in 0.0187302 seconds
[Worker0] Imported GUID: 2c8e7f499d401414b8215275b03a4c66 - Path: Assets/Kevin Iglesias/Human Animations/Unity Demo Scenes/Human Basic Motions/Textures/HumanBasicMotions.png - Importer: ScriptedImporter/UnityEditor.QuickSearchModule:UnityEditor.Search:ASIAI0B -> (ImportResultId: '61c94d9e4ddeb050c970eadbc43b09bb') in 0.0170189 seconds
[Worker1] Imported GUID: 954b6bbde5b5f5a46bb68711335f9f90 - Path: Assets/Kevin Iglesias/Human Animations/Animations/Male/Movement/Walk/RootMotion/HumanM@Walk01_ForwardRight [RM].fbx - Importer: ScriptedImporter/UnityEditor.QuickSearchModule:UnityEditor.Search:ASIAI0B -> (ImportResultId: 'e6f92169a384474edc8042671d1a0e1e') in 0.0190191 seconds
[Worker3] Imported GUID: 9062e0d614ae38b458231f34f36af0e8 - Path: Assets/Kevin Iglesias/Human Animations/Unity Demo Scenes/Human Basic Motions/Textures - Importer: ScriptedImporter/UnityEditor.QuickSearchModule:UnityEditor.Search:ASIAI0B -> (ImportResultId: '0a62534f0264cda9bb55f50c4d369f6b') in 0.015217 seconds
[Worker2] Imported GUID: c8115ddbaf422d84bba45d0cc5d9fc70 - Path: Assets/Kevin Iglesias/Human Animations/Animations/Female/Movement/Jump/HumanF@Jump01 [RM] - Begin.fbx - Importer: ScriptedImporter/UnityEditor.QuickSearchModule:UnityEditor.Search:ASIAI0B -> (ImportResultId: 'b8def2492ff54a6c9c922b71d3192aeb') in 0.0221806 seconds
[Worker0] Imported GUID: 82bf8a2b215c9d7408d4dcf081f8f622 - Path: Assets/Kevin Iglesias/Human Animations/Animations/Female/Movement/Sprint/RootMotion/HumanF@Sprint01_ForwardRight [RM].fbx - Importer: ScriptedImporter/UnityEditor.QuickSearchModule:UnityEditor.Search:ASIAI0B -> (ImportResultId: 'c116698d89c28e817fcaead2393a4fb3') in 0.024478 seconds
[Worker3] Imported GUID: 51df1b7fbbe387f48a57bce2e93100b7 - Path: Assets/Kevin Iglesias/Human Animations/Animations/Female/Movement/Walk/RootMotion/HumanF@Walk01_ForwardLeft [RM].fbx - Importer: ScriptedImporter/UnityEditor.QuickSearchModule:UnityEditor.Search:ASIAI0B -> (ImportResultId: 'a302fdf02365aa8fbde39d2d13a71836') in 0.0219366 seconds
[Worker1] Imported GUID: 2faa610713d3b3c439473daa55e8c60a - Path: Assets/Kevin Iglesias/Human Animations/Models/HumanM_Model.fbx - Importer: ScriptedImporter/UnityEditor.QuickSearchModule:UnityEditor.Search:ASIAI0B -> (ImportResultId: '0c6ffb0ae0864918c68d1add8c4da701') in 0.0390427 seconds
[Worker2] Imported GUID: 02fe127be7c987640bef36b78efaf2cf - Path: Assets/Kevin Iglesias/Human Animations/Animations/Male/Movement/Run/HumanM@Run01_BackwardLeft.fbx - Importer: ScriptedImporter/UnityEditor.QuickSearchModule:UnityEditor.Search:ASIAI0B -> (ImportResultId: '87a03cc2b0aa2dc5afe6a0c2e9221f1e') in 0.0217125 seconds
[Worker0] Imported GUID: 9cc63407e9eb8204babf8fc94b95f3e1 - Path: Assets/Kevin Iglesias/Human Animations/Animations/Female/Movement/Turn/HumanF@Turn01_Left.fbx - Importer: ScriptedImporter/UnityEditor.QuickSearchModule:UnityEditor.Search:ASIAI0B -> (ImportResultId: '63d27888d50411891f9cf89cec73c946') in 0.0236266 seconds
[Worker1] Imported GUID: b80aa9a3bdd9b764b9347846925ad3f0 - Path: Assets/Kevin Iglesias/Human Animations/Unity Demo Scenes/Human Basic Motions/Materials/HumanBasicMotions_SceneBackground.mat - Importer: ScriptedImporter/UnityEditor.QuickSearchModule:UnityEditor.Search:ASIAI0B -> (ImportResultId: 'a47d39ed8b23e2486291cfc4ca5d1996') in 0.0162989 seconds
[Worker3] Imported GUID: 836229ad8a6407d49a58a3b3fab59d53 - Path: Assets/Kevin Iglesias/Human Animations/Animations/Female/Movement/Walk/RootMotion/HumanF@Walk01_Forward [RM].fbx - Importer: ScriptedImporter/UnityEditor.QuickSearchModule:UnityEditor.Search:ASIAI0B -> (ImportResultId: 'e6210cde3d187d284b89cfd96771bc7b') in 0.0210526 seconds
[Worker2] Imported GUID: bf3d864026a7e1146a27e29a8626bc69 - Path: Assets/Kevin Iglesias/Human Animations/Animations/Female/Movement/Run/RootMotion/HumanF@Run01_ForwardLeft [RM].fbx - Importer: ScriptedImporter/UnityEditor.QuickSearchModule:UnityEditor.Search:ASIAI0B -> (ImportResultId: 'df8d143f372192330d70326535091e3d') in 0.0189505 seconds
[Worker0] Imported GUID: e23ec565e5d40ad4d94e0af6010f22c8 - Path: Assets/Kevin Iglesias/Human Animations/Animations/Male/Idles/HumanM@Idle02-Idle01.fbx - Importer: ScriptedImporter/UnityEditor.QuickSearchModule:UnityEditor.Search:ASIAI0B -> (ImportResultId: '7321231b646730f94f6a38d0adf0e3c2') in 0.024487 seconds
[Worker3] Imported GUID: 11d5093c8a733f64099488183b5e3f9a - Path: Assets/Kevin Iglesias/Human Animations/Animations/Female/Movement/Walk/HumanF@Walk01_BackwardRight.fbx - Importer: ScriptedImporter/UnityEditor.QuickSearchModule:UnityEditor.Search:ASIAI0B -> (ImportResultId: '3b130ee0e6baa2555ac7cce30c2c3d2a') in 0.0204927 seconds
[Worker1] Imported GUID: abf537a4b09f6af4ebaa70cbfbbb3353 - Path: Assets/Kevin Iglesias/Human Animations/Animations/Female/Movement/Walk/RootMotion/HumanF@Walk01_ForwardRight [RM].fbx - Importer: ScriptedImporter/UnityEditor.QuickSearchModule:UnityEditor.Search:ASIAI0B -> (ImportResultId: '7691c1b4481bd7ffab4484cf20843c9f') in 0.0251444 seconds
[Worker2] Imported GUID: ca7bf50d255ff5749a3a9ff602076af8 - Path: Assets/Kevin Iglesias/Human Animations/Animations/Male/Movement/Run/HumanM@Run01_BackwardRight.fbx - Importer: ScriptedImporter/UnityEditor.QuickSearchModule:UnityEditor.Search:ASIAI0B -> (ImportResultId: 'a68e206d526471303b44cbdcdcd58bd1') in 0.0229359 seconds
[Worker1] Imported GUID: 3ba01845b5bdefc4493d65ee1b969525 - Path: Assets/Kevin Iglesias/Human Animations/Animations/Male/Social - Importer: ScriptedImporter/UnityEditor.QuickSearchModule:UnityEditor.Search:ASIAI0B -> (ImportResultId: 'e2cc00125cc485107bcdd168154278fb') in 0.0162506 seconds
[Worker0] Imported GUID: cf78dc5ec3b949d47839771b740e655a - Path: Assets/Kevin Iglesias/Human Animations/Animations/Male/Movement/Sprint/HumanM@Sprint01_Forward.fbx - Importer: ScriptedImporter/UnityEditor.QuickSearchModule:UnityEditor.Search:ASIAI0B -> (ImportResultId: '848810965d8ab166dc5c7f126b370d4d') in 0.0250681 seconds
[Worker3] Imported GUID: 87c884e7a62eba6499574e0593663ba2 - Path: Assets/Kevin Iglesias/Human Animations/Animations/Male/Movement/Sprint/RootMotion/HumanM@Sprint01_Right [RM].fbx - Importer: ScriptedImporter/UnityEditor.QuickSearchModule:UnityEditor.Search:ASIAI0B -> (ImportResultId: 'a021912816356fc62d04756cfb3c93d1') in 0.0201029 seconds
[Worker1] Imported GUID: 5399e89e69e4ef2468a17b7975d02bd9 - Path: Assets/Kevin Iglesias/Human Animations/Animations/Female/Movement/Walk/RootMotion/HumanF@Walk01_BackwardRight [RM].fbx - Importer: ScriptedImporter/UnityEditor.QuickSearchModule:UnityEditor.Search:ASIAI0B -> (ImportResultId: '3b4a9741c1a44006124438dfbe42ac03') in 0.0206254 seconds
[Worker0] Imported GUID: 776b87abc6fae6f4e82851696702435b - Path: Assets/Kevin Iglesias/Human Animations/Animations/Male/Movement/Sprint/HumanM@Sprint01_ForwardRight.fbx - Importer: ScriptedImporter/UnityEditor.QuickSearchModule:UnityEditor.Search:ASIAI0B -> (ImportResultId: 'd0fc994b9620384c7249adb6627594f5') in 0.0218396 seconds
[Worker3] Imported GUID: 2e0c1b2ccd3eeeb43b00e035f4fe7841 - Path: Assets/Kevin Iglesias/Human Animations/Animations/Female/Movement/Walk/RootMotion/HumanF@Walk01_Backward [RM].fbx - Importer: ScriptedImporter/UnityEditor.QuickSearchModule:UnityEditor.Search:ASIAI0B -> (ImportResultId: '8ef90e68ff89145861733767883a40ea') in 0.021042 seconds
[Worker2] Imported GUID: 130afe1ea971137458b49086a23aea14 - Path: Assets/Kevin Iglesias/Human Animations/Unity Demo Scenes/Human Basic Motions/Textures/HumanBasicFloor.png - Importer: ScriptedImporter/UnityEditor.QuickSearchModule:UnityEditor.Search:ASIAI0B -> (ImportResultId: 'f42a2469f8b8d367d03df9298f10063b') in 0.0499915 seconds
[Worker1] Imported GUID: 4751c211b658f37459b5165f3a027e22 - Path: Assets/Kevin Iglesias/Human Animations/Animations/Male/Movement/Run/RootMotion/HumanM@Run01_BackwardRight [RM].fbx - Importer: ScriptedImporter/UnityEditor.QuickSearchModule:UnityEditor.Search:ASIAI0B -> (ImportResultId: '4d61b1461bb9ecdd67299cc758e0659a') in 0.0197244 seconds
[Worker3] Imported GUID: 2cd37dc84c089ac4981cd6d36abd33eb - Path: Assets/Kevin Iglesias/Human Animations/Animations/Male/Movement/Walk/HumanM@Walk01_Right.fbx - Importer: ScriptedImporter/UnityEditor.QuickSearchModule:UnityEditor.Search:ASIAI0B -> (ImportResultId: 'e3e524a515858e4fdfeae8d4f41e206e') in 0.0194793 seconds
[Worker0] Imported GUID: f76f0d054afdd5845a03ab8eea5b79b5 - Path: Assets/Kevin Iglesias/Human Animations/Animations/Female/Movement/Run/RootMotion/HumanF@Run01_Left [RM].fbx - Importer: ScriptedImporter/UnityEditor.QuickSearchModule:UnityEditor.Search:ASIAI0B -> (ImportResultId: 'c8ac0ff69f55234dc505f1d7c2a0fc3c') in 0.0211703 seconds
[Worker2] Imported GUID: 9259db9271971e54ab8991d4aa53aae2 - Path: Assets/Kevin Iglesias/Human Animations/Animations/Male/Movement/Walk/RootMotion/HumanM@Walk01_Forward [RM].fbx - Importer: ScriptedImporter/UnityEditor.QuickSearchModule:UnityEditor.Search:ASIAI0B -> (ImportResultId: '9e9e7162307a155400e50af73a23feff') in 0.017879 seconds
[Worker0] Imported GUID: efeb8c36a1723364392603dda24becb0 - Path: Assets/Kevin Iglesias/Human Animations/Animations - Importer: ScriptedImporter/UnityEditor.QuickSearchModule:UnityEditor.Search:ASIAI0B -> (ImportResultId: 'e98b41df8ecfcdbb04b29ffa31e800b7') in 0.0134579 seconds
[Worker1] Imported GUID: 6f14e9f139cd8a647bda96b39cc88028 - Path: Assets/Kevin Iglesias/Human Animations/Unity Demo Scenes/Human Basic Motions/Shaders - Importer: ScriptedImporter/UnityEditor.QuickSearchModule:UnityEditor.Search:ASIAI0B -> (ImportResultId: '268f16dc3aab4bb1e03f778803132887') in 0.0181946 seconds
[Worker0] Imported GUID: 81d028f9ab5659b4c9e31d07fe9e3733 - Path: Assets/Kevin Iglesias/Human Animations/Animations/Male/Movement/Walk/RootMotion/HumanM@Walk01_BackwardLeft [RM].fbx - Importer: ScriptedImporter/UnityEditor.QuickSearchModule:UnityEditor.Search:ASIAI0B -> (ImportResultId: 'ab0953cd47e0e513e5b6be87e21f84b8') in 0.0200555 seconds
[Worker2] Imported GUID: 846fff649819bcf49b933d00ef6f703f - Path: Assets/Kevin Iglesias/Human Animations/Animations/Male/Movement/Run/HumanM@Run01_Right.fbx - Importer: ScriptedImporter/UnityEditor.QuickSearchModule:UnityEditor.Search:ASIAI0B -> (ImportResultId: '3c2266dfa9c2648fb496016d268776d4') in 0.0220426 seconds
[Worker1] Imported GUID: cdb2264de10c42b4799822b736b5de9c - Path: Assets/Kevin Iglesias/Human Animations/Animations/Female/Movement/Run/HumanF@Run01_ForwardLeft.fbx - Importer: ScriptedImporter/UnityEditor.QuickSearchModule:UnityEditor.Search:ASIAI0B -> (ImportResultId: '6d4cfac2aae39fea32fdf3300b2103ba') in 0.0227607 seconds
[Worker3] Imported GUID: 2e2ddfc093afcba4daa1b8caefc21e3b - Path: Assets/Kevin Iglesias/Human Animations/Unity Demo Scenes/Human Basic Motions/Models/HumanBasicMotions_SceneBase.fbx - Importer: ScriptedImporter/UnityEditor.QuickSearchModule:UnityEditor.Search:ASIAI0B -> (ImportResultId: '397c3f2094d1644d692fcfbac6bc050a') in 0.0429832 seconds
[Worker2] Imported GUID: 1b5d2dff97c273541bda936d8c0a376c - Path: Assets/Kevin Iglesias/Human Animations/Unity Demo Scenes/Human Basic Motions/Models - Importer: ScriptedImporter/UnityEditor.QuickSearchModule:UnityEditor.Search:ASIAI0B -> (ImportResultId: 'a05a652e87d42b2f1c21b69657c912c2') in 0.0133511 seconds
[Worker1] Imported GUID: 69b447faf5895f1428a1131028d8893c - Path: Assets/Kevin Iglesias/Human Animations/Models/Avatar Masks/Hands/Human Hands Mask.mask - Importer: ScriptedImporter/UnityEditor.QuickSearchModule:UnityEditor.Search:ASIAI0B -> (ImportResultId: '1a7727215a946f19950d072f80011885') in 0.0169899 seconds
[Worker0] Imported GUID: 2035f8d45874b4e47a2c15ea2fa026fb - Path: Assets/Kevin Iglesias/Human Animations/Animations/Male/Movement/Jump/HumanM@Jump01.fbx - Importer: ScriptedImporter/UnityEditor.QuickSearchModule:UnityEditor.Search:ASIAI0B -> (ImportResultId: 'ac1f6164aaf2b83cad5793e56f32b4db') in 0.026504 seconds
[Worker2] Imported GUID: 7278ad681fe961a49a8889ba9f9d45df - Path: Assets/Kevin Iglesias/Human Animations/Models - Importer: ScriptedImporter/UnityEditor.QuickSearchModule:UnityEditor.Search:ASIAI0B -> (ImportResultId: '950b84db0f2165bbf0423192fe0efb15') in 0.0149454 seconds
[Worker3] Imported GUID: 9804b1ef8ab27f84f9d98515273f70e3 - Path: Assets/Kevin Iglesias/Human Animations/Animations/Male/Movement/Walk/RootMotion/HumanM@Walk01_Left [RM].fbx - Importer: ScriptedImporter/UnityEditor.QuickSearchModule:UnityEditor.Search:ASIAI0B -> (ImportResultId: '57be966aba84ff19e69c453e03e6ea61') in 0.0237948 seconds
[Worker1] Imported GUID: b2679f870b7bb124dbef598d6947bdea - Path: Assets/Kevin Iglesias/Human Animations/Unity Demo Scenes/Human Basic Motions/Shaders/HumanBasicMotionsScene.shader - Importer: ScriptedImporter/UnityEditor.QuickSearchModule:UnityEditor.Search:ASIAI0B -> (ImportResultId: 'd4461e41f69eecfe598ac37a8325a6ef') in 0.0231668 seconds
[Worker0] Imported GUID: 02f82df7d301d274883b41f32dca59a0 - Path: Assets/Kevin Iglesias/Human Animations/Animations/Male/Idles/HumanM@Idle01-Idle02.fbx - Importer: ScriptedImporter/UnityEditor.QuickSearchModule:UnityEditor.Search:ASIAI0B -> (ImportResultId: '32adbb497152cf09b789aaa165af8d15') in 0.0246714 seconds
[Worker2] Imported GUID: da2ed2e1aae1da34684fe894590efa54 - Path: Assets/Kevin Iglesias/Human Animations/Animations/Female/Idles/HumanF@Idle02-Idle01.fbx - Importer: ScriptedImporter/UnityEditor.QuickSearchModule:UnityEditor.Search:ASIAI0B -> (ImportResultId: 'b683cf0114ab34b3eaf251b847be1f32') in 0.0211 seconds
[Worker3] Imported GUID: d06bf066b1472584b83fa33f98d3499e - Path: Assets/Kevin Iglesias/Human Animations/Animations/Male/Movement/Sprint/RootMotion/HumanM@Sprint01_ForwardLeft [RM].fbx - Importer: ScriptedImporter/UnityEditor.QuickSearchModule:UnityEditor.Search:ASIAI0B -> (ImportResultId: 'ddfb4daa430128161c57ccdcca42221e') in 0.0221348 seconds
[Worker1] Imported GUID: e43888617a116f943a10e74301b8fed1 - Path: Assets/Kevin Iglesias/Human Animations/Animations/Female/Movement/Sprint/RootMotion/HumanF@Sprint01_ForwardLeft [RM].fbx - Importer: ScriptedImporter/UnityEditor.QuickSearchModule:UnityEditor.Search:ASIAI0B -> (ImportResultId: '21208be85cb58e64d1e1f5de4fbd0b20') in 0.0224305 seconds
[Worker2] Imported GUID: 435a4728904deaf41a2ea8928e6c2c35 - Path: Assets/Kevin Iglesias/Human Animations/Animations/Female/Movement/Run/HumanF@Run01_Left.fbx - Importer: ScriptedImporter/UnityEditor.QuickSearchModule:UnityEditor.Search:ASIAI0B -> (ImportResultId: 'ddfe173b8774310e1e9c5b213dcd6f0f') in 0.0208467 seconds
[Worker3] Imported GUID: 70a2ad9ea5ea5cb49ab388ad93a00d27 - Path: Assets/Kevin Iglesias/Human Animations/Animations/Female/Movement/Walk/HumanF@Walk01_Right.fbx - Importer: ScriptedImporter/UnityEditor.QuickSearchModule:UnityEditor.Search:ASIAI0B -> (ImportResultId: '8378e0b5693c98515cf05d6599689a42') in 0.0196962 seconds
[Worker0] Imported GUID: ef7fc1c2505f93948addc245824a58b1 - Path: Assets/Kevin Iglesias/Human Animations/Animations/Female/Social/Conversation/HumanF@Talk01.fbx - Importer: ScriptedImporter/UnityEditor.QuickSearchModule:UnityEditor.Search:ASIAI0B -> (ImportResultId: 'f954888ab47987249491c75197470a6b') in 0.0237997 seconds
[Worker1] Imported GUID: 13d42f988eb87d74599658eb3ae7c854 - Path: Assets/Kevin Iglesias - Importer: ScriptedImporter/UnityEditor.QuickSearchModule:UnityEditor.Search:ASIAI0B -> (ImportResultId: '4131d4af9ffcd889151645ba9db8e9b6') in 0.0145224 seconds
[Worker0] Imported GUID: 6e8891b4ee5f33644a4d56ebad0d4170 - Path: Assets/Kevin Iglesias/Human Animations/Animations/Masked Poses - Importer: ScriptedImporter/UnityEditor.QuickSearchModule:UnityEditor.Search:ASIAI0B -> (ImportResultId: '0043588dd1669573f467c263131c12a8') in 0.0147023 seconds
[Worker2] Imported GUID: 31116f689ea4d374593385937d990c7c - Path: Assets/Kevin Iglesias/Human Animations/Animations/Male/Movement/Run/RootMotion/HumanM@Run01_Backward [RM].fbx - Importer: ScriptedImporter/UnityEditor.QuickSearchModule:UnityEditor.Search:ASIAI0B -> (ImportResultId: '1c49c36214fb380765cc9f4b338468a5') in 0.0201178 seconds
[Worker3] Imported GUID: 6deac83e30d8acd4cbb8c7d8a11545bd - Path: Assets/Kevin Iglesias/Human Animations/Animations/Male/Movement/Run/HumanM@Run01_Forward.fbx - Importer: ScriptedImporter/UnityEditor.QuickSearchModule:UnityEditor.Search:ASIAI0B -> (ImportResultId: 'b57492c8a26b1b2475a5d596dd194af0') in 0.0194717 seconds
[Worker1] Imported GUID: a82fb70254a844243a7fe7e02b1ff809 - Path: Assets/Kevin Iglesias/Human Animations/Animations/Female/Movement/Walk/HumanF@Walk01_ForwardRight.fbx - Importer: ScriptedImporter/UnityEditor.QuickSearchModule:UnityEditor.Search:ASIAI0B -> (ImportResultId: '8996528d40bf00907cd4c04d6207ffdc') in 0.0221519 seconds
[Worker0] Imported GUID: b1844fbe628f5bf4ab29e6c68912a708 - Path: Assets/Kevin Iglesias/Human Animations/Animations/Male/Movement/Jump/HumanM@Jump01 - Begin.fbx - Importer: ScriptedImporter/UnityEditor.QuickSearchModule:UnityEditor.Search:ASIAI0B -> (ImportResultId: '0bde06dfc874ee950f6ef24d53b38215') in 0.0189948 seconds
[Worker3] Imported GUID: 3a4cf5e04ded562489d1c3b2da8c2d7a - Path: Assets/Kevin Iglesias/Human Animations/Animations/Male/Movement/Walk/HumanM@Walk01_ForwardLeft.fbx - Importer: ScriptedImporter/UnityEditor.QuickSearchModule:UnityEditor.Search:ASIAI0B -> (ImportResultId: 'a2363137563435628685605842c46353') in 0.0163476 seconds
[Worker2] Imported GUID: ab147e0813d61eb439be75037830be27 - Path: Assets/Kevin Iglesias/Human Animations/Animations/Female/Movement/Walk/RootMotion/HumanF@Walk01_BackwardLeft [RM].fbx - Importer: ScriptedImporter/UnityEditor.QuickSearchModule:UnityEditor.Search:ASIAI0B -> (ImportResultId: 'aa729d07f491f61cfec3120599a365dc') in 0.0185053 seconds
[Worker1] Imported GUID: 760601f3ccad5cc4bb7829b18ce80e59 - Path: Assets/Kevin Iglesias/Human Animations/Animations/Female/Movement/Jump - Importer: ScriptedImporter/UnityEditor.QuickSearchModule:UnityEditor.Search:ASIAI0B -> (ImportResultId: 'd9c3a773f43f3b51f25a0b564e8b35b2') in 0.012919 seconds
[Worker2] Imported GUID: 5e9b37dd2b8b41648a4731a21c853b2f - Path: Assets/Kevin Iglesias/Human Animations/Animations/Masked Poses/Human@HandsClosed01.fbx - Importer: ScriptedImporter/UnityEditor.QuickSearchModule:UnityEditor.Search:ASIAI0B -> (ImportResultId: '9ff54f564f7e4bde1579c26bb29110d4') in 0.0159868 seconds
[Worker0] Imported GUID: 1dce3ce39fd4c0f4d9d2dbd5929a328c - Path: Assets/Kevin Iglesias/Human Animations/Animations/Female/Movement/Jump/HumanF@Jump01 - Land.fbx - Importer: ScriptedImporter/UnityEditor.QuickSearchModule:UnityEditor.Search:ASIAI0B -> (ImportResultId: '28a771c1231683673c4385a57a4e70b4') in 0.0191419 seconds
[Worker1] Imported GUID: c88eb6ce85fdaec4d888ec5047a2f5a6 - Path: Assets/Kevin Iglesias/Human Animations/Unity Demo Scenes/Human Basic Motions - Importer: ScriptedImporter/UnityEditor.QuickSearchModule:UnityEditor.Search:ASIAI0B -> (ImportResultId: 'dea9ddd9681a091d599d27e6e6b8215b') in 0.0138981 seconds
[Worker3] Imported GUID: 7e50a1d6ada63d24fa1493414595aa20 - Path: Assets/Kevin Iglesias/Human Animations/Animations/Male/Movement/Sprint - Importer: ScriptedImporter/UnityEditor.QuickSearchModule:UnityEditor.Search:ASIAI0B -> (ImportResultId: '74851140ccc5ca478dbcd204f4bafa5c') in 0.025971 seconds
[Worker2] Imported GUID: 1c3a6282a5507e9439ab8d4787dd80c5 - Path: Assets/Kevin Iglesias/Human Animations/Animations/Male/Movement/Walk/RootMotion/HumanM@Walk01_ForwardLeft [RM].fbx - Importer: ScriptedImporter/UnityEditor.QuickSearchModule:UnityEditor.Search:ASIAI0B -> (ImportResultId: '09b53ca5957ca74303f790c5be0269ab') in 0.0168681 seconds
[Worker0] Imported GUID: 9508ccae6dd32b54cb61bd81eda00380 - Path: Assets/Kevin Iglesias/Human Animations/Animations/Male/Idles/HumanM@Idle02.fbx - Importer: ScriptedImporter/UnityEditor.QuickSearchModule:UnityEditor.Search:ASIAI0B -> (ImportResultId: 'fe02ac13e72adad9e4a0f8e275a2a68b') in 0.0196684 seconds
[Worker1] Imported GUID: 0f69fd4f4ad106447896fb775199ed37 - Path: Assets/Kevin Iglesias/Human Animations/Animations/Female/Idles/HumanF@Idle01.fbx - Importer: ScriptedImporter/UnityEditor.QuickSearchModule:UnityEditor.Search:ASIAI0B -> (ImportResultId: '47fcc6d9906673660d9a5174396b16e3') in 0.0198704 seconds
[Worker3] Imported GUID: c969c57136eab8b48b882fdc45e975c4 - Path: Assets/Kevin Iglesias/Human Animations/Animations/Male/Movement/Jump/HumanM@Jump01 - Land.fbx - Importer: ScriptedImporter/UnityEditor.QuickSearchModule:UnityEditor.Search:ASIAI0B -> (ImportResultId: '6dc1bf3e74516b0fda1fe7090c8bf389') in 0.0178504 seconds
[Worker2] Imported GUID: e64c16a1da5b84c4488d02899ba2e527 - Path: Assets/Kevin Iglesias/Human Animations/Scripts - Importer: ScriptedImporter/UnityEditor.QuickSearchModule:UnityEditor.Search:ASIAI0B -> (ImportResultId: '2766be72938d6879bf39ea2b6dd2d374') in 0.0124997 seconds
[Worker0] Imported GUID: 303fee22b3d6f2f4d941430abb76c454 - Path: Assets/Kevin Iglesias/Human Animations/Unity Demo Scenes/Human Basic Motions/Script - Importer: ScriptedImporter/UnityEditor.QuickSearchModule:UnityEditor.Search:ASIAI0B -> (ImportResultId: '5817d94247c97aa454514553f9a23ef9') in 0.0136182 seconds
[Worker1] Imported GUID: df81ddc38bae7e945a835735059fe898 - Path: Assets/Kevin Iglesias/Human Animations/Unity Demo Scenes/Human Basic Motions/Materials/HumanBasicMotions_SceneDummy.mat - Importer: ScriptedImporter/UnityEditor.QuickSearchModule:UnityEditor.Search:ASIAI0B -> (ImportResultId: '4c47ab92353de68a13de076dbb811177') in 0.0149298 seconds
Importing 'GUID: 5bc7be1375e13164493964be710a5695 - Path: Assets/3D object/New Material.mat' with importer (NativeFormatImporter)
Imported 'GUID: 5bc7be1375e13164493964be710a5695' -> (Import Result ID: 'cab8cd63ec9bd836806a12dd6fb74353') in 0.001 seconds [static dependencies only]. Details - ImportResultOutputID=2ae8455c6f7e98a573bfb25f2180975a DependenciesID=41d4e92b0d482f6f63f43320d7993cad StaticDependenciesID=8624175a10edf76d24c8e29459f8b8c2 
Asset Pipeline Refresh (id=286f2617f85aed142bddd07b966122bc): Total: 0.039 seconds - Initiated by StopAssetImportingV2(NoUpdateAssetOptions)
Importing 'GUID: 00000000000000009000000000000000 - Path: ProjectSettings/QualitySettings.asset' with importer (LibraryAssetImporter)
Imported 'GUID: 00000000000000009000000000000000' -> (Import Result ID: '8151b601d05d3e12de314c2aa1f82962') in 0.001 seconds [static dependencies only]. Details - ImportResultOutputID=2a108b3da874f726c62fbe5f12be4a8a DependenciesID=6180c49ef29638684367d2893c04e070 StaticDependenciesID=5b19720d9149525484b40148944c8e26 
Importing 'GUID: 5bc7be1375e13164493964be710a5695 - Path: Assets/3D object/New Material.mat' with importer (NativeFormatImporter)
Imported 'GUID: 5bc7be1375e13164493964be710a5695' -> (Import Result ID: 'f9ed0cc598ceccb051f27649955e3e38') in 0.001 seconds [static dependencies only]. Details - ImportResultOutputID=2ae8455c6f7e98a573bfb25f2180975a DependenciesID=06997baf95444e4962fab77685ff2ed2 StaticDependenciesID=fa854070a4fa3a05462d588437a5b79f 
Asset Pipeline Refresh (id=f7f6c4af96767a84e8f9b928f5070f90): Total: 0.028 seconds - Initiated by StopAssetImportingV2(NoUpdateAssetOptions)
Worker ready: AssetImportWorkerHW4 4
[Worker2] Imported GUID: 5bc7be1375e13164493964be710a5695 - Path: Assets/3D object/New Material.mat - Importer: PreviewImporter -> (ImportResultId: 'e83bfc14e127b72d0b90c8804197bc8f') in 0.4192903 seconds
[Worker2] Imported GUID: 5bc7be1375e13164493964be710a5695 - Path: Assets/3D object/New Material.mat - Importer: ScriptedImporter/UnityEditor.QuickSearchModule:UnityEditor.Search:ASIAI0B -> (ImportResultId: '0e479546aa78883ecaa20855bbad2acc') in 0.0121815 seconds
Asset Pipeline Refresh (id=fb1fb26fb8fbd8542801fa4485d407ea): Total: 0.034 seconds - Initiated by StopAssetImportingV2(NoUpdateAssetOptions)
Asset Pipeline Refresh (id=5a9fe284d16124d4cbe4fd4114499706): Total: 0.008 seconds - Initiated by RefreshV2(ForceSynchronousImport)
Asset Pipeline Refresh (id=9e513fb210e3cb24f9ea6569a25af0cb): Total: 0.003 seconds - Initiated by RefreshV2(AllowForceSynchronousImport)
Asset Pipeline Refresh (id=aef10cd5b6fc2c94fbb692d165a76939): Total: 0.002 seconds - Initiated by RefreshV2(AllowForceSynchronousImport)
Importing 'GUID: 9f01fe1b10f5c80439b817c5efef5726 - Path: Assets/3D object/Floor_N.jpg' with importer (TextureImporter)
Imported 'GUID: 9f01fe1b10f5c80439b817c5efef5726' -> (Import Result ID: 'ccd1b6689c3cec5ee35be66622a8392d') in 0.081 seconds [static and dynamic dependencies]. Details - ImportResultOutputID=dd9c60883106be6b93879a32b274c637 DependenciesID=ac0fe9a406ad4d363cf514c3a5bb481e StaticDependenciesID=54b5f1aa6801803d23d987384f9086f4 
Asset Pipeline Refresh (id=1c8bed44120ed8b418e4dca2fcce0f59): Total: 0.142 seconds - Initiated by RefreshV2(NoUpdateAssetOptions)
[Licensing::Client] Successfully resolved entitlement details
[Worker4] Imported GUID: 9f01fe1b10f5c80439b817c5efef5726 - Path: Assets/3D object/Floor_N.jpg - Importer: PreviewImporter -> (ImportResultId: '1304d18c5f0dd42cec8b391478004ea3') in 0.0653214 seconds
[Worker4] Imported GUID: 9f01fe1b10f5c80439b817c5efef5726 - Path: Assets/3D object/Floor_N.jpg - Importer: ScriptedImporter/UnityEditor.QuickSearchModule:UnityEditor.Search:ASIAI0B -> (ImportResultId: 'e2744a166ef13af8f57c36ea91dc80e8') in 0.0902011 seconds
Asset Pipeline Refresh (id=bfa841c397bf8e842b369c888f81a829): Total: 0.008 seconds - Initiated by RefreshV2(AllowForceSynchronousImport)
Importing 'GUID: 5bde068496b26c8449d28f5b907db75b - Path: Assets/3D object/Dragon_Bump_Col2.jpg' with importer (TextureImporter)
Imported 'GUID: 5bde068496b26c8449d28f5b907db75b' -> (Import Result ID: 'dad87a37a96ddd0d82dbe8e7eb3d7313') in 0.235 seconds [static and dynamic dependencies]. Details - ImportResultOutputID=79018b25ee8b280a18e96d84342a55df DependenciesID=34d089e5fc8a0b564abedfe80927efa7 StaticDependenciesID=7a9f79c393076c5b9556cdaa5b095d86 
Asset Pipeline Refresh (id=00e2a2897e937fe47988ee49160d751c): Total: 0.297 seconds - Initiated by RefreshV2(NoUpdateAssetOptions)
[Worker4] Imported GUID: 5bde068496b26c8449d28f5b907db75b - Path: Assets/3D object/Dragon_Bump_Col2.jpg - Importer: PreviewImporter -> (ImportResultId: '4507da6b0f34b77fa62692b1c2f55d75') in 0.0170424 seconds
[Worker4] Imported GUID: 5bde068496b26c8449d28f5b907db75b - Path: Assets/3D object/Dragon_Bump_Col2.jpg - Importer: ScriptedImporter/UnityEditor.QuickSearchModule:UnityEditor.Search:ASIAI0B -> (ImportResultId: '9d04ee24317f6e32bf46651511475f12') in 0.0161868 seconds
Asset Pipeline Refresh (id=423455a597613e2498a0ed1aadad7d3a): Total: 0.009 seconds - Initiated by RefreshV2(AllowForceSynchronousImport)
Importing 'GUID: a44bab1f90e4125428966e06b4f86ab0 - Path: Assets/3D object/Dragon_Nor_mirror2.jpg' with importer (TextureImporter)
Imported 'GUID: a44bab1f90e4125428966e06b4f86ab0' -> (Import Result ID: 'ff5b33ac46816c5d1d6afaaa25cceeac') in 0.220 seconds [static and dynamic dependencies]. Details - ImportResultOutputID=2199bb4e3b78c89d0f5cec47fa9dce9c DependenciesID=5af472a49daa1da606f7a28fb001b603 StaticDependenciesID=cdbddfdc1a4bf6402044f78b81c61b4c 
Refreshing native plugins compatible for Editor in 35.90 ms, found 4 plugins.

Asset Pipeline Refresh (id=e9f487c7e68088b47b5d9c8742f4149b): Total: 0.415 seconds - Initiated by RefreshV2(NoUpdateAssetOptions)
	(Values over 0.05ms)
	Summary:
		Imports: total=1 (actual=1, local cache=0, cache server=0)
		Asset DB Process Time: managed=0 ms, native=369 ms
		Asset DB Callback time: managed=8 ms, native=36 ms
		Scripting: domain reloads=0, domain reload time=0 ms, compile time=0 ms, other=0 ms
		Project Asset Count: scripts=1413, non-scripts=2466
		Asset File Changes: new=1, changed=1, moved=0, deleted=0
		Scan Filter Count: 0
	ApplyChangesToAssetFolders: 0.075ms
	Scan: 112.827ms
	Collect global state as custom dependencies: 0.205ms
	ProcessAssetsWithTransientArtifactChanges: 0.069ms
	CategorizeAssets: 15.278ms
	ImportOutOfDateAssets: 221.635ms (0.234ms without children)
		ImportManagerImport: 220.781ms (0.190ms without children)
		UnloadImportedAssets: 0.119ms
		EnsureUptoDateAssetsAreRegisteredWithGuidPM: 0.303ms
		ImportSchedulerStart: 0.159ms
	PostProcessAllAssets: 2.143ms
		XRBuildSystem.XRAssetImported 0.248ms
		MonoPostProcessAllAssets: 1.694ms
			AssetChangedListener.OnPostprocessAllAssets 0.530ms
			ConfigAssetsTracker.OnPostprocessAllAssets 0.448ms
			SyncVS.PostprocessSyncProject 0.258ms
			ShaderGraphAssetPostProcessor.OnPostprocessAllAssets 0.126ms
			RenderPipelineGlobalSettingsPostprocessor.OnPostprocessAllAssets 0.050ms
	PostAssetChangesProfiler: 42.956ms
	GatherAllCurrentPrimaryImportResultRevisions: 0.158ms
	PersistCurrentRevisions: 0.142ms
	Untracked: 19.503ms

[Licensing::Client] Successfully resolved entitlement details
[Worker4] Imported GUID: a44bab1f90e4125428966e06b4f86ab0 - Path: Assets/3D object/Dragon_Nor_mirror2.jpg - Importer: PreviewImporter -> (ImportResultId: 'b5132edf1e4fb66933c47c394ba8785a') in 0.0163431 seconds
[Worker4] Imported GUID: a44bab1f90e4125428966e06b4f86ab0 - Path: Assets/3D object/Dragon_Nor_mirror2.jpg - Importer: ScriptedImporter/UnityEditor.QuickSearchModule:UnityEditor.Search:ASIAI0B -> (ImportResultId: '80a08ffe8e0a1c40d94cb513cee6938f') in 0.0163585 seconds
Asset Pipeline Refresh (id=e020230ee77558c48af2590cc8498f99): Total: 0.021 seconds - Initiated by RefreshV2(AllowForceSynchronousImport)
Asset Pipeline Refresh (id=752a2c56bdf1be44fad5084db6417abe): Total: 0.007 seconds - Initiated by RefreshV2(AllowForceSynchronousImport)
Asset Pipeline Refresh (id=f57ae803148bdf444bfe89066224a333): Total: 0.003 seconds - Initiated by RefreshV2(AllowForceSynchronousImport)
[Licensing::Client] Successfully resolved entitlement details
Asset Pipeline Refresh (id=5b839700848c402408ff1939c57bbb86): Total: 0.003 seconds - Initiated by RefreshV2(AllowForceSynchronousImport)
[Licensing::Client] Successfully resolved entitlement details
Asset Pipeline Refresh (id=3211f40d93941bf45bae42d4ad72dbdf): Total: 0.004 seconds - Initiated by RefreshV2(AllowForceSynchronousImport)
Importing 'GUID: 8fc1098a470a93c4e8a1ab84edd13bbf - Path: Assets/3D object/Dragon_Bump_Col3.jpg' with importer (TextureImporter)
Imported 'GUID: 8fc1098a470a93c4e8a1ab84edd13bbf' -> (Import Result ID: '235b24b53821a0d3923980021f6ee297') in 0.228 seconds [static and dynamic dependencies]. Details - ImportResultOutputID=0c83f14dcf953f5b9a942e5ecae80987 DependenciesID=e7691be0255d7fcba11e3f0d98e7fa10 StaticDependenciesID=f85d349d772dee13c3a8479e289b86d7 

Asset Pipeline Refresh (id=885d3f490a9343941b8d45a8781d468d): Total: 0.318 seconds - Initiated by RefreshV2(NoUpdateAssetOptions)
	(Values over 0.05ms)
	Summary:
		Imports: total=1 (actual=1, local cache=0, cache server=0)
		Asset DB Process Time: managed=0 ms, native=308 ms
		Asset DB Callback time: managed=7 ms, native=1 ms
		Scripting: domain reloads=0, domain reload time=0 ms, compile time=0 ms, other=0 ms
		Project Asset Count: scripts=1413, non-scripts=2467
		Asset File Changes: new=1, changed=1, moved=0, deleted=0
		Scan Filter Count: 0
	ApplyChangesToAssetFolders: 0.072ms
	Scan: 30.297ms
	Collect global state as custom dependencies: 0.224ms
	OnSourceAssetsModified: 0.058ms
	ProcessAssetsWithTransientArtifactChanges: 0.087ms
	CategorizeAssets: 16.177ms
	ImportOutOfDateAssets: 229.875ms (0.177ms without children)
		ImportManagerImport: 228.906ms (0.214ms without children)
		UnloadImportedAssets: 0.137ms
		EnsureUptoDateAssetsAreRegisteredWithGuidPM: 0.296ms
		ImportSchedulerStart: 0.316ms
	PostProcessAllAssets: 2.168ms
		XRBuildSystem.XRAssetImported 0.253ms
		MonoPostProcessAllAssets: 1.705ms
			AssetChangedListener.OnPostprocessAllAssets 0.522ms
			ConfigAssetsTracker.OnPostprocessAllAssets 0.423ms
			SyncVS.PostprocessSyncProject 0.289ms
			ShaderGraphAssetPostProcessor.OnPostprocessAllAssets 0.121ms
			RenderPipelineGlobalSettingsPostprocessor.OnPostprocessAllAssets 0.054ms
			AssetPostprocessor.OnPostprocessAllAssets 0.050ms
	PostAssetChangesProfiler: 7.411ms
	GatherAllCurrentPrimaryImportResultRevisions: 0.148ms
	PersistCurrentRevisions: 0.141ms
	Untracked: 31.260ms

[Licensing::Client] Successfully resolved entitlement details
[Worker4] Imported GUID: 8fc1098a470a93c4e8a1ab84edd13bbf - Path: Assets/3D object/Dragon_Bump_Col3.jpg - Importer: PreviewImporter -> (ImportResultId: '6a0bbde469ee8b78b61db8fa9254ef16') in 0.0266633 seconds
[Worker4] Imported GUID: 8fc1098a470a93c4e8a1ab84edd13bbf - Path: Assets/3D object/Dragon_Bump_Col3.jpg - Importer: ScriptedImporter/UnityEditor.QuickSearchModule:UnityEditor.Search:ASIAI0B -> (ImportResultId: 'b1ffc457bcb8e0fafe5f2b3b03fa2de1') in 0.0229016 seconds
Asset Pipeline Refresh (id=863a9777a13d22c4c920223a3092bdf3): Total: 0.007 seconds - Initiated by RefreshV2(AllowForceSynchronousImport)
Asset Pipeline Refresh (id=7cb701361e75e7e4bb53536626d3c5c6): Total: 0.033 seconds - Initiated by StopAssetImportingV2(NoUpdateAssetOptions)
Asset Pipeline Refresh (id=8e66dff583cd474418f582ba40846e2f): Total: 0.008 seconds - Initiated by RefreshV2(ForceSynchronousImport)
Asset Pipeline Refresh (id=d049a0ee53b1b9240bd1f0b0509b0c42): Total: 0.034 seconds - Initiated by StopAssetImportingV2(NoUpdateAssetOptions)
Asset Pipeline Refresh (id=e36df30d6d609ce4b80d09ae31bfe5b0): Total: 0.008 seconds - Initiated by RefreshV2(ForceSynchronousImport)
Asset Pipeline Refresh (id=23493d78bab88fb4cbb01093bff7362e): Total: 0.034 seconds - Initiated by StopAssetImportingV2(NoUpdateAssetOptions)
Asset Pipeline Refresh (id=23e62d4d625036b418b9f676585a9b7f): Total: 0.008 seconds - Initiated by RefreshV2(ForceSynchronousImport)
[Licensing::Client] Successfully updated the access token
[Licensing::Module] Successfully updated access token: "x5nDOfmr"... (expires: 2026-09-21T05:11:16Z)
[Licensing::Client] Successfully resolved entitlement details
Asset Pipeline Refresh (id=042adf79ae142c646960e4482af75abf): Total: 0.034 seconds - Initiated by StopAssetImportingV2(NoUpdateAssetOptions)
Asset Pipeline Refresh (id=3ecd546f902cda74fbb87ac16869ef4a): Total: 0.008 seconds - Initiated by RefreshV2(ForceSynchronousImport)
[Licensing::Client] Successfully resolved entitlement details
Asset Pipeline Refresh (id=9eaecfc8bbe94f140a6903fc9d4fe6a0): Total: 0.002 seconds - Initiated by RefreshV2(AllowForceSynchronousImport)
Asset Pipeline Refresh (id=e876080abcc74c6489afc9d9cdb312fd): Total: 0.003 seconds - Initiated by RefreshV2(AllowForceSynchronousImport)
Asset Pipeline Refresh (id=c47f34f2b44a37c46990a55dbab8eb25): Total: 0.002 seconds - Initiated by RefreshV2(AllowForceSynchronousImport)
Asset Pipeline Refresh (id=5d079d1ba54c7d94eb0be8ed17fc7a4e): Total: 0.002 seconds - Initiated by RefreshV2(AllowForceSynchronousImport)
Asset Pipeline Refresh (id=a18eda2d6c944bd4eb374570945703bd): Total: 0.005 seconds - Initiated by RefreshV2(AllowForceSynchronousImport)
Importing 'GUID: a44bab1f90e4125428966e06b4f86ab0 - Path: Assets/3D object/Dragon_Nor_mirror2.jpg' with importer (TextureImporter)
Imported 'GUID: a44bab1f90e4125428966e06b4f86ab0' -> (Import Result ID: 'ff5b33ac46816c5d1d6afaaa25cceeac') in 0.216 seconds [static and dynamic dependencies]. Details - ImportResultOutputID=2199bb4e3b78c89d0f5cec47fa9dce9c DependenciesID=5af472a49daa1da606f7a28fb001b603 StaticDependenciesID=cdbddfdc1a4bf6402044f78b81c61b4c 
Asset Pipeline Refresh (id=e5fc072bcf1616c47b2e8b32626525c9): Total: 0.278 seconds - Initiated by RefreshV2(NoUpdateAssetOptions)
[Licensing::Client] Successfully resolved entitlement details
Asset Pipeline Refresh (id=1772048df84b4594995cc975327d72cb): Total: 0.033 seconds - Initiated by StopAssetImportingV2(NoUpdateAssetOptions)
Asset Pipeline Refresh (id=672467b98a343d6438035fe32d6ba4ac): Total: 0.008 seconds - Initiated by RefreshV2(ForceSynchronousImport)
Importing 'GUID: a375f1abf3bc2c247b51e918da6c150a - Path: Assets/3D object/readme.txt' with importer (TextScriptImporter)
Imported 'GUID: a375f1abf3bc2c247b51e918da6c150a' -> (Import Result ID: '5a3eb039c1e87e245b9e24f2830924d9') in 0.006 seconds [static dependencies only]. Details - ImportResultOutputID=3e21d1e17c1f2b0f1195c85f70251d39 DependenciesID=be0fa867b3c164e83d3be9849c4d613a StaticDependenciesID=821747474dc8851a988c1e6d66b4d1d1 
[Licensing::Client] Successfully resolved entitlement details
Asset Pipeline Refresh (id=061b6db2ed3ea5a4e813a14ffad83fba): Total: 0.170 seconds - Initiated by RefreshV2(NoUpdateAssetOptions)
[Worker4] Imported GUID: a375f1abf3bc2c247b51e918da6c150a - Path: Assets/3D object/readme.txt - Importer: PreviewImporter -> (ImportResultId: '1feab16728af98d4724ad219de95a33e') in 0.0091107 seconds
[Worker4] Imported GUID: a375f1abf3bc2c247b51e918da6c150a - Path: Assets/3D object/readme.txt - Importer: ScriptedImporter/UnityEditor.QuickSearchModule:UnityEditor.Search:ASIAI0B -> (ImportResultId: '36144012d25c10c756df991d7d3ec7d0') in 0.0122835 seconds
Asset Pipeline Refresh (id=d711e5af55a249a4f92f325110a39b2d): Total: 0.009 seconds - Initiated by RefreshV2(AllowForceSynchronousImport)
Asset Pipeline Refresh (id=01c12c356bdebcb4f9c21b15a7ceb41a): Total: 0.117 seconds - Initiated by StopAssetImportingV2(NoUpdateAssetOptions)
Asset Pipeline Refresh (id=23ccb4c7b5e88004a93c9f59732a5931): Total: 0.008 seconds - Initiated by RefreshV2(ForceSynchronousImport)
Asset Pipeline Refresh (id=cfe76f13a4b55d341970cfff924cc3fa): Total: 0.003 seconds - Initiated by RefreshV2(AllowForceSynchronousImport)
Asset Pipeline Refresh (id=9fbb26fa1dbcb6344ba237b239f7269a): Total: 0.002 seconds - Initiated by RefreshV2(AllowForceSynchronousImport)
Asset Pipeline Refresh (id=dfe534c4028f07f45ba860e50d433ff7): Total: 0.002 seconds - Initiated by RefreshV2(AllowForceSynchronousImport)
Importing 'GUID: 0f21d33acefc25642aca23fbe3d0960d - Path: Assets/3D object/Dragon.obj' with importer (FBXImporter)
ImportFBX Warnings:
Can't import normals, because mesh 'Box01' doesn't have any.
Mesh 'Box01' has no normals. Recalculating normals.
Imported 'GUID: 0f21d33acefc25642aca23fbe3d0960d' -> (Import Result ID: '4fd2bdc27c2e503e2644a4c7bf448f5c') in 0.076 seconds [static and dynamic dependencies]. Details - ImportResultOutputID=84379f324f7d62c9f081cda969bb8f82 DependenciesID=1e70ccaa768f6ce34a6a297ad428ca09 StaticDependenciesID=e68f088d042e5847432a1a2fd202930b 
Asset Pipeline Refresh (id=54c219d8b573a7443833ab16b08dc3e5): Total: 0.145 seconds - Initiated by RefreshV2(NoUpdateAssetOptions)
[Worker4] Imported GUID: 0f21d33acefc25642aca23fbe3d0960d - Path: Assets/3D object/Dragon.obj - Importer: PreviewImporter -> (ImportResultId: '8ff42b4b72844da06047f8e785450b00') in 0.4939571 seconds
[Worker4] Imported GUID: 0f21d33acefc25642aca23fbe3d0960d - Path: Assets/3D object/Dragon.obj - Importer: ScriptedImporter/UnityEditor.QuickSearchModule:UnityEditor.Search:ASIAI0B -> (ImportResultId: '152f87fcc6a656c8fdc5bfd608a2ef1f') in 0.0387613 seconds
Asset Pipeline Refresh (id=fb037ad1e0948b94c9972a848b2c42fb): Total: 0.008 seconds - Initiated by RefreshV2(AllowForceSynchronousImport)
Asset Pipeline Refresh (id=46309c45ecd65d0449ad8340dab67d58): Total: 0.002 seconds - Initiated by RefreshV2(AllowForceSynchronousImport)
Importing 'GUID: 99c9720ab356a0642a771bea13969a05 - Path: Assets/Scenes/SampleScene.unity' with importer (DefaultImporter)
Imported 'GUID: 99c9720ab356a0642a771bea13969a05' -> (Import Result ID: '50fe8cd7d48872a9c689df644906646d') in 0.002 seconds [static dependencies only]. Details - ImportResultOutputID=b4491ddbae88a879b6308480a6079ca7 DependenciesID=06fa57fda568be462583cdec38674aa4 StaticDependenciesID=1a136bead1dc8e16d8d11b72b024f974 
Asset Pipeline Refresh (id=eb2a2f03abf9f7d4aba19c8e92b5c5db): Total: 0.029 seconds - Initiated by StopAssetImportingV2(NoUpdateAssetOptions)
MonoPathRemapper: Attempts to remap: 68944; Successful remaps: 38022
Serialized file version minimum: 22, current 23
[LAYOUT] About to save layout C:\Users\CS2024\1151VR-HW1-414261498-陳宥元\UserSettings\Layouts\default-6000.dwlt
[LAYOUT] About to save layout C:/Users/CS2024/AppData/Roaming/Unity/Editor-5.x/Preferences\Layouts\current\default-6000.dwlt
GPU Resident Drawer disposed.
Input System module state changed to: ShutdownInProgress.
Input Polling Thread exited.
Input System module state changed to: Shutdown.
[Physics::Module] Cleanup current backend.
[Physics::Module] Id: 0xf2b8ea05
[Licensing::IpcConnector] LicenseClient-CS2025-notifications channel disconnected successfully.
[Licensing::IpcConnector] LicenseClient-CS2025 channel disconnected successfully.
Lingering sessions upon destruction of worker manager
Unity Data Store service was successfully shut down
UDS shutting down local client system
Shut down UDS service system complete
AcceleratorClientConnectionCallback - disconnected - :0
Cleanup mono
CodeReloadManager destroyed
abort_threads: Failed aborting id: 0000000000004814, mono_thread_manage will ignore it

abort_threads: Failed aborting id: 0000000000004E10, mono_thread_manage will ignore it

abort_threads: Failed aborting id: 0000000000004814, mono_thread_manage will ignore it

abort_threads: Failed aborting id: 0000000000004E10, mono_thread_manage will ignore it

debugger-agent: Unable to listen on 3764
Checking for leaked weakptr:
  Found no leaked weakptrs.
[Package Manager] Server process was shutdown
##utp:{"type":"MemoryLeaks","version":2,"phase":"Immediate","time":1789960799485,"processId":20464,"allocatedMemory":23591973,"memoryLabels":[{"Default":4165278},{"Permanent":15516},{"NewDelete":79249},{"Thread":4197520},{"Manager":2340357},{"VertexData":8},{"Geometry":816},{"Shader":854391},{"Material":24},{"TextureCache":3192},{"GfxDevice":55968},{"Animation":952},{"Audio":984},{"FreeType":8},{"FontEngine":736},{"Physics":1970},{"Physics2D":16},{"Serialization":33432},{"Input":45280},{"JobScheduler":256},{"TextLib":40942},{"Mono":48},{"MonoCode":128},{"ScriptingNativeRuntime":1293808},{"BaseObject":49568},{"Resource":1208},{"Renderer":2384},{"Transform":4685},{"File":177078},{"WebCam":616},{"Culling":32},{"Terrain":11442},{"Wind":24},{"STL":40},{"String":1228607},{"StaticString":3808},{"Utility":2675621},{"PoolAlloc":2840},{"AI":80},{"TypeTree":456758},{"ScriptManager":18960},{"CodeReload":448},{"RuntimeInitializeOnLoadManager":64},{"Sprites":102},{"SpriteAtlas":120},{"GI":7816},{"Director":8296},{"CloudService":7728},{"WebRequest":7775},{"VR":49650},{"SceneManager":608},{"Video":208},{"LazyScriptCache":32},{"NativeArray":1080},{"Camera":729},{"Secure":265},{"SerializationCache":9256},{"APIUpdating":10320},{"Subsystems":336},{"VirtualTexturing":57888},{"StaticSafetyDebugInfo":278528},{"Analytics":768},{"Hierarchy":1188},{"UIElements":40},{"CoreStats":14456},{"Identifiers":7152},{"Gui":268563},{"EditorUtility":358232},{"VersionControl":8},{"Undo":931},{"AssetDatabase":4676685},{"AssetImporter":40},{"EditorGi":328},{"UnityConnect":36882},{"Upm":1988},{"UpmDiagnostics":8},{"AssetCompliance":96},{"DrivenProperties":72},{"LocalIPC":262},{"ProfilerEditor":9746},{"CoreBusinessMetrics":3602},{"Windowing":456},{"Licensing":12959},{"AssetReference":32},{"IPCStream":32}]}
